MONTH,DAY_OF_MONTH,DAY_OF_WEEK,UNIQUE_CARRIER,FL_NUM,ORIGIN,DEST,DEP_DELAY,TAXI_OUT,WHEELS_OFF,WHEELS_ON,TAXI_IN,ARR_DELAY,CANCELLED,DIVERTED,AIR_TIME,DISTANCE
1,31,2,AA,1790,LAX,CLT,-7,18,1321,2029,15,-12,0,0,248,2125
1,6,5,AA,2463,DFW,MSY,35,19,2124,2224,6,37,0,0,60,447
1,12,4,AA,970,MCI,DFW,-10,11,1119,1242,8,-14,0,0,83,460
1,2,1,AA,2531,EWR,CLT,-2,17,630,809,6,-5,0,0,99,529
1,8,7,AA,2575,AUS,ORD,-2,19,822,1039,6,1,0,0,137,977
1,26,4,AA,425,MCO,DFW,-9,18,800,936,10,-9,0,0,156,985
1,24,2,AA,610,DFW,DCA,-5,16,1856,2222,18,3,0,0,146,1192
1,3,2,AA,717,PHL,LAX,18,18,1826,2129,62,86,0,0,363,2402
1,16,1,AA,2561,LAX,DFW,5,13,1108,1538,10,-15,0,0,150,1235
1,9,1,AA,1795,CLT,IND,11,23,1019,1135,5,8,0,0,76,427
1,1,7,AA,2554,ORD,SJC,0,10,1710,1934,2,-4,0,0,264,1829
1,31,2,AA,1721,LAX,AUS,2,28,900,1335,3,-5,0,0,155,1242
1,21,6,AA,2268,LAX,EGE,-5,15,1000,1242,21,-14,0,0,102,748
1,12,4,AA,647,IAH,PHX,-8,14,811,938,12,-23,0,0,147,1009
1,19,4,AA,1409,MSP,ORD,-5,12,1432,1528,11,-17,0,0,56,334
1,2,1,AA,386,JAX,DFW,30,15,2021,2143,5,28,0,0,142,918
1,25,3,AA,626,PHX,LAS,-6,15,2135,2120,5,-15,0,0,45,255
1,3,2,AA,1213,SAT,DFW,1,13,1059,1139,10,-5,0,0,40,247
1,29,7,AA,1513,DFW,COS,99,13,1647,1711,5,85,0,0,84,592
1,31,2,AA,1505,DFW,ONT,-3,8,1225,1257,6,-27,0,0,152,1188
1,26,4,AA,2562,ORD,PHL,-4,11,1347,1624,5,-6,0,0,97,678
1,21,6,AA,401,PHL,BOS,0,28,1818,1913,4,6,0,0,55,280
1,29,7,AA,717,PHL,LAX,0,31,1836,2042,7,-45,0,0,306,2402
1,4,3,AA,2320,DFW,ORD,4,17,706,849,18,5,0,0,103,802
1,6,5,AA,582,GEG,PHX,-4,24,645,949,22,-1,0,0,124,1020
1,17,2,AA,2473,IAH,DFW,-8,14,510,550,6,-17,0,0,40,224
1,18,3,AA,180,LAX,JFK,-10,16,1636,26,4,-28,0,0,290,2475
1,29,7,AA,2023,PHL,ORD,-6,9,753,837,10,-33,0,0,104,678
1,19,4,AA,1719,CLT,FLL,-2,26,1353,1527,3,-1,0,0,94,632
1,6,5,AA,2228,SMF,DFW,15,13,1210,1648,29,17,0,0,158,1431
1,29,7,AA,1941,ILM,CLT,-4,10,711,753,7,-15,0,0,42,185
1,31,2,AA,1743,DFW,CLT,-6,18,2047,2346,7,-6,0,0,119,936
1,4,3,AA,1632,DFW,LAS,17,20,1157,1242,7,34,0,0,165,1055
1,22,7,AA,1480,RSW,ORD,8,13,1411,1550,16,-4,0,0,159,1120
1,11,3,AA,1646,CLT,PHX,0,13,743,945,22,-14,0,0,242,1773
1,11,3,AA,1854,CLT,ATL,-5,24,2249,2327,5,-12,0,0,38,226
1,24,2,AA,1284,MIA,ORD,-3,10,1528,1730,19,3,0,0,182,1197
1,22,7,AA,1802,CLT,MSY,-3,23,1659,1738,4,-8,0,0,99,651
1,19,4,AA,2043,CLT,PBI,13,11,2234,2358,5,6,0,0,84,590
1,7,6,AA,1126,SMF,DFW,-5,19,615,1058,10,-17,0,0,163,1431
1,15,7,AA,1399,LGA,MIA,-4,13,549,817,7,-29,0,0,148,1096
1,10,2,AA,506,PHL,PHX,0,30,715,1001,10,-6,0,0,286,2075
1,19,4,AA,2119,BOS,DCA,-5,11,1606,1712,7,-30,0,0,66,399
1,18,3,AA,1903,CLT,PVD,-5,19,809,935,4,-14,0,0,86,683
1,9,1,AA,2293,DFW,DCA,27,19,2058,19,16,38,0,0,141,1192
1,2,1,AA,2412,DFW,SAT,4,23,737,823,8,9,0,0,46,247
1,17,2,AA,1528,DFW,ORD,-3,24,1256,1445,10,-1,0,0,109,802
1,18,3,AA,1353,ABQ,DFW,-10,14,1649,1907,12,-11,0,0,78,569
1,2,1,AA,557,CLT,SFO,40,14,1549,1813,10,43,0,0,324,2296
1,26,4,AA,1733,CLT,MCO,-3,12,1814,1926,9,-17,0,0,72,468
1,25,3,AA,279,JFK,MCO,-4,18,1513,1734,8,-19,0,0,141,944
1,7,6,AA,2528,DFW,HDN,22,14,1431,1552,5,44,0,0,141,769
1,31,2,AA,630,FLL,PHL,-2,9,1652,1918,8,-1,0,0,146,992
1,5,4,AA,2642,DFW,DEN,31,40,1054,1145,5,60,0,0,111,641
1,10,2,AA,637,CLT,LAS,0,32,1712,1858,7,23,0,0,286,1916
1,13,5,AA,1806,MIA,CLT,-1,11,1505,1640,6,-17,0,0,95,650
1,14,6,AA,582,PHX,MKE,-6,12,1136,1520,5,-34,0,0,164,1460
1,18,3,AA,1467,SMF,PHX,14,12,1313,1543,5,16,0,0,90,647
1,26,4,AA,2540,PBI,DFW,-12,14,1515,1714,11,-11,0,0,179,1102
1,8,7,AA,682,LAX,IAD,99,18,1147,1911,7,96,0,0,264,2288
1,24,2,AA,1169,DEN,DFW,-7,18,636,906,21,1,0,0,90,641
1,20,5,AA,1004,AUS,DFW,-8,11,837,917,13,-10,0,0,40,190
1,12,4,AA,731,CLT,TPA,-2,18,2015,2131,5,-6,0,0,76,507
1,29,7,AA,867,CHS,CLT,-7,10,923,1002,21,-9,0,0,39,168
1,1,7,AA,1806,CLT,BOS,17,15,1856,2031,5,9,0,0,95,728
1,10,2,AA,148,JFK,CLT,-5,26,651,817,6,-16,0,0,86,541
1,22,7,AA,279,JFK,MCO,-6,34,1527,1754,14,7,0,0,147,944
1,20,5,AA,1782,PIT,PHL,-7,12,615,700,5,-35,0,0,45,268
1,8,7,AA,644,CLT,AUS,106,17,1458,1630,8,101,0,0,152,1032
1,31,2,AA,2413,SEA,DFW,-7,15,1350,1905,13,-11,0,0,195,1660
1,2,1,AA,1106,BWI,DFW,6,18,1836,2030,11,-6,0,0,174,1217
1,16,1,AA,2292,DFW,DEN,-1,28,2112,2142,8,-2,0,0,90,641
1,25,3,AA,550,DFW,PHX,69,14,2008,2128,5,63,0,0,140,868
1,30,1,AA,1669,RDU,LGA,-5,15,1130,1231,3,-16,0,0,61,431
1,17,2,AA,1830,CLT,PBI,-5,21,806,929,5,-13,0,0,83,590
1,13,5,AA,39,MIA,MCO,18,22,2230,2304,32,37,0,0,34,192
1,23,1,AA,3,JFK,LAX,-7,17,1210,1536,7,16,0,0,386,2475
1,26,4,AA,1333,MCO,ORD,-2,26,1147,1311,7,-8,0,0,144,1005
1,13,5,AA,2372,OKC,DFW,29,39,1731,1810,9,50,0,0,39,175
1,6,5,AA,1027,ORD,MCO,25,15,1000,1312,5,19,0,0,132,1005
1,23,1,AA,2165,BOS,LGA,-3,23,650,738,3,-14,0,0,48,184
1,3,2,AA,2571,ORD,PSP,-4,20,1036,1258,6,29,0,0,262,1651
1,11,3,AA,1145,ORD,SFO,-1,12,726,1013,4,21,0,0,287,1846
1,17,2,AA,416,CLT,FLL,-4,15,2040,2206,8,-17,0,0,86,632
1,30,1,AA,2201,ORD,STL,-10,9,2149,2235,4,-18,0,0,46,258
1,20,5,AA,1429,PHL,MIA,-2,18,826,1048,6,-23,0,0,142,1013
1,21,6,AA,1369,DFW,SJC,-6,17,916,1050,6,-4,0,0,214,1438
1,22,7,AA,252,ORD,BOS,-8,11,858,1142,6,-21,0,0,104,867
1,24,2,AA,1480,RSW,ORD,-4,16,1402,1551,17,-2,0,0,169,1120
1,1,7,AA,1320,ORD,BOS,-6,12,1841,2121,4,-23,0,0,100,867
1,22,7,AA,327,DCA,DFW,-4,25,1651,1841,11,-16,0,0,170,1192
1,30,1,AA,2036,CLT,SYR,-2,24,1658,1827,5,3,0,0,89,603
1,28,6,AA,1825,DCA,CLT,6,15,1541,1639,4,-16,0,0,58,331
1,29,7,AA,1085,ORD,SEA,21,12,1758,2024,8,14,0,0,266,1721
1,31,2,AA,2543,MIA,LAX,-8,12,1420,1626,9,-44,0,0,306,2342
1,16,1,AA,1891,PHL,MSY,0,22,1842,2018,4,-23,0,0,156,1089
1,17,2,AA,610,ATL,DFW,-4,22,1638,1746,16,10,0,0,128,731
1,9,1,AA,309,DCA,MIA,-3,17,713,922,15,-20,0,0,129,919
1,27,5,AA,1692,MIA,CLT,17,15,1737,1913,5,3,0,0,96,650
1,2,1,AA,295,MIA,LAX,0,27,947,1216,9,2,0,0,329,2342
1,1,7,AA,538,PHX,SLC,2,16,848,1015,10,12,0,0,87,507
1,19,4,AA,1953,CLT,MSY,-7,13,741,824,3,-12,0,0,103,651
1,25,3,AA,277,DEN,DFW,-6,13,1831,2056,10,-15,0,0,85,641
1,6,5,AA,1568,DFW,MCI,-6,34,1418,1522,8,11,0,0,64,460
1,3,2,AA,2497,LAS,LAX,-5,18,2113,2158,11,-17,0,0,45,236
1,7,6,AA,2603,DFW,EGE,20,12,927,1030,5,16,0,0,123,721
1,25,3,AA,2368,DFW,IAH,2,11,2221,2308,7,-2,0,0,47,224
1,25,3,AA,439,CLT,DFW,-4,12,1143,1310,19,-12,0,0,147,936
1,23,1,AA,635,CLT,PHX,11,22,2027,2244,4,15,0,0,257,1773
1,5,4,AA,1243,ORD,LAX,-3,15,712,955,34,48,0,0,283,1744
1,6,5,AA,792,MSP,PHL,17,13,1650,1949,3,-2,0,0,119,980
1,16,1,AA,1290,DFW,MCI,20,27,2110,2215,8,24,0,0,65,460
1,18,3,AA,406,SJC,PHX,5,17,637,856,4,-7,0,0,79,621
1,19,4,AA,1477,MIA,BOS,0,15,1715,2003,4,-5,0,0,168,1258
1,25,3,AA,1300,DFW,MSY,-5,24,1519,1619,5,1,0,0,60,447
1,29,7,AA,246,KOA,LAX,17,13,1613,2301,15,7,0,0,288,2504
1,19,4,AA,195,MIA,MCO,40,20,1039,1121,8,36,0,0,42,192
1,6,5,AA,1719,DEN,CLT,32,13,1056,1535,7,17,0,0,159,1337
1,7,6,AA,432,PHX,OGG,-3,16,1208,1540,7,8,0,0,392,2845
1,25,3,AA,1893,CLT,AUS,-8,17,2218,4,4,-1,0,0,166,1032
1,10,2,AA,1099,ORF,DFW,13,26,745,947,29,25,0,0,182,1212
1,18,3,AA,1790,LAX,CLT,-7,13,1316,2022,22,-12,0,0,246,2125
1,26,4,AA,970,MCI,DFW,1,18,1137,1258,10,4,0,0,81,460
1,24,2,AA,2037,JAX,CLT,-3,22,1544,1645,15,10,0,0,61,328
1,28,6,AA,18,SFO,JFK,-7,13,2246,659,11,-1,0,0,313,2586
1,5,4,AA,1936,CLT,BUF,25,14,1709,1828,6,18,0,0,79,546
1,23,1,AA,1784,CLT,MEM,2,17,954,1015,4,-11,0,0,81,511
1,25,3,AA,1107,PHX,LAS,-14,21,857,845,6,-12,0,0,48,255
1,9,1,AA,2329,DFW,MIA,5,23,2108,28,3,14,0,0,140,1121
1,28,6,AA,2381,LAX,MCO,9,16,1020,1720,5,-30,0,0,240,2218
1,12,4,AA,1040,SNA,DFW,-3,26,708,1136,13,-5,0,0,148,1205
1,11,3,AA,2515,ATL,LAX,-9,15,641,826,8,-13,0,0,285,1946
1,11,3,AA,346,JAX,DFW,-7,17,610,732,4,-18,0,0,142,918
1,27,5,AA,2535,DFW,ORD,4,12,1506,1659,7,-7,0,0,113,802
1,13,5,AA,1623,SEA,DFW,-6,20,1010,1537,7,-1,0,0,207,1660
1,6,5,AA,60,DFW,MIA,5,41,1816,2123,6,16,0,0,127,1121
1,8,7,AA,837,ALB,CLT,-2,39,837,1022,10,0,0,0,105,646
1,10,2,AA,473,DFW,BOI,-7,15,1653,1909,4,-8,0,0,196,1272
1,25,3,AA,61,MIA,DFW,-2,20,723,901,14,-6,0,0,158,1121
1,19,4,AA,761,DFW,PHX,0,19,739,852,4,-6,0,0,133,868
1,5,4,AA,1302,DFW,FLL,5,45,800,1115,6,28,0,0,135,1119
1,1,7,AA,2622,EGE,DFW,114,19,1617,1856,8,104,0,0,99,721
1,7,6,AA,1794,PHX,CLT,-2,33,1010,1525,11,5,0,0,195,1773
1,16,1,AA,418,MCO,DCA,-9,15,1201,1357,4,-5,0,0,116,759
1,17,2,AA,1962,CLT,BWI,37,12,1738,1844,3,32,0,0,66,361
1,13,5,AA,1946,PBI,CLT,-5,15,642,810,6,-11,0,0,88,590
1,8,7,AA,1528,PSP,DFW,-3,9,706,1122,16,-12,0,0,136,1126
1,4,3,AA,165,MCO,LGA,26,21,742,949,4,28,0,0,127,950
1,9,1,AA,1147,MIA,LAX,37,21,2247,109,9,19,0,0,322,2342
1,21,6,AA,2380,DEN,ORD,-10,14,1024,1316,7,-29,0,0,112,888
1,1,7,AA,936,STT,JFK,-21,27,1441,1734,12,-13,0,0,233,1623
1,6,5,AA,2040,PHL,PIT,-3,21,1638,1732,5,1,0,0,54,268
1,8,7,AA,1083,IAD,MIA,-1,16,615,830,8,-9,0,0,135,921
1,21,6,AA,1836,PHL,PVD,-6,19,1618,1700,4,-11,0,0,42,237
1,14,6,AA,713,CLT,MSP,-5,19,944,1101,4,-14,0,0,137,930
1,31,2,AA,2302,DFW,MSY,-5,12,1742,1845,3,-8,0,0,63,447
1,4,3,AA,1869,MIA,BWI,-4,25,955,1205,4,2,0,0,130,946
1,16,1,AA,2224,ORD,BOS,-1,18,1217,1500,5,-6,0,0,103,867
1,28,6,AA,1217,DFW,ORD,-7,22,920,1110,6,-11,0,0,110,802
1,29,7,AA,507,IAD,MIA,-4,29,736,1016,7,15,0,0,160,921
1,15,7,AA,2160,BOS,DCA,-1,14,913,1035,4,-12,0,0,82,399
1,24,2,AA,1133,LAS,LAX,-6,18,1455,1541,11,-13,0,0,46,236
1,28,6,AA,749,CLT,LAS,1,34,1900,2015,12,0,0,0,255,1916
1,23,1,AA,194,MIA,BWI,-8,14,1439,1645,7,-13,0,0,126,946
1,2,1,AA,1293,MIA,STX,-4,12,1230,1547,4,-15,0,0,137,1139
1,29,7,AA,1727,CLT,BDL,-4,17,1438,1556,5,-14,0,0,78,644
1,11,3,AA,2292,DFW,DEN,22,16,2123,2200,10,18,0,0,97,641
1,10,2,AA,2293,DFW,DCA,-5,13,2020,2331,7,-19,0,0,131,1192
1,17,2,AA,54,MCO,ORD,8,12,1411,1541,8,-11,0,0,150,1005
1,14,6,AA,426,LAX,BNA,-4,30,901,1430,8,-8,0,0,209,1797
1,24,2,AA,1945,PHL,CLT,18,16,2034,2140,3,-7,0,0,66,449
1,29,7,AA,526,OMA,PHX,-3,10,1502,1617,4,-25,0,0,135,1037
1,24,2,AA,540,IAH,PHX,-6,12,606,745,5,-8,0,0,159,1009
1,2,1,AA,2493,MIA,JFK,-4,22,733,947,12,-9,0,0,134,1089
1,4,3,AA,69,MIA,LAX,89,19,2210,26,33,90,0,0,316,2342
1,25,3,AA,531,PHX,RNO,-3,15,1112,1149,3,-4,0,0,97,601
1,11,3,AA,2194,DFW,COS,53,15,1018,1046,7,44,0,0,88,592
1,5,4,AA,767,PHX,CLT,-1,21,1121,1618,8,-30,0,0,177,1773
1,9,1,AA,1361,CLT,IAH,-2,22,1650,1759,16,-6,0,0,129,912
1,15,7,AA,1568,MCI,DFW,0,25,1634,1751,10,3,0,0,77,460
1,28,6,AA,1812,CLT,BOS,-4,15,2220,2350,5,-15,0,0,90,728
1,19,4,AA,1631,LAX,DFW,20,20,1320,1748,11,9,0,0,148,1235
1,15,7,AA,1202,MCO,MIA,-7,14,917,957,11,-13,0,0,40,192
1,21,6,AA,2558,TPA,DFW,-6,11,1335,1458,12,-15,0,0,143,929
1,6,5,AA,1094,DFW,BOS,-7,18,921,1309,4,-25,0,0,168,1562
1,28,6,AA,1277,ORD,CLT,31,13,1909,2126,6,11,0,0,77,599
1,20,5,AA,1160,DFW,RDU,-5,13,713,1018,3,-16,0,0,125,1061
1,3,2,AA,1856,PHX,PHL,-5,14,824,1425,5,-7,0,0,241,2075
1,29,7,AA,890,CLT,DFW,-3,18,2225,2345,5,-9,0,0,140,936
1,4,3,AA,1672,STL,CLT,-2,13,731,948,11,-17,0,0,77,575
1,28,6,AA,1951,ORD,PHX,-6,16,1005,1203,4,-37,0,0,178,1440
1,4,3,AA,1660,LAX,PHL,-4,16,1132,1850,10,-29,0,0,258,2402
1,6,5,AA,2320,DFW,ORD,-3,10,652,829,16,-17,0,0,97,802
1,24,2,AA,1393,DFW,SFO,-4,19,1710,1836,5,-7,0,0,206,1464
1,15,7,AA,1829,CLT,RDU,-7,19,2256,2322,5,-8,0,0,26,130
1,2,1,AA,1690,CLT,STL,2,18,1459,1538,6,5,0,0,99,575
1,2,1,AA,1554,LAX,LAS,-4,15,2306,2354,57,38,0,0,48,236
1,14,6,AA,1080,DFW,LGA,1,27,943,1329,3,-2,0,0,166,1389
1,27,5,AA,1439,DFW,BNA,-5,22,1257,1409,8,-6,0,0,72,631
1,31,2,AA,1063,DFW,RSW,-4,21,1452,1750,5,-7,0,0,118,1017
1,3,2,AA,626,LAX,PHX,-2,12,1800,1951,3,-26,0,0,51,370
1,4,3,AA,1205,ORD,BOS,0,14,1658,1956,5,7,0,0,118,867
1,1,7,AA,642,JAX,CLT,-5,18,1053,1158,13,8,0,0,65,328
1,7,6,AA,1839,SFO,CLT,-5,17,27,731,6,-28,0,0,244,2296
1,17,2,AA,2437,ATL,LAX,42,17,1154,1311,10,15,0,0,257,1946
1,1,7,AA,1653,PHL,TPA,-6,19,1618,1848,2,-2,0,0,150,920
1,4,3,AA,1897,CLT,JFK,-1,13,2221,2329,3,-25,0,0,68,541
1,13,5,AA,1811,DEN,CLT,-4,14,1220,1659,14,-1,0,0,159,1337
1,9,1,AA,593,PHX,ORD,56,11,1057,1443,10,31,0,0,166,1440
1,26,4,AA,1849,CLT,JAX,-5,31,1347,1443,4,5,0,0,56,328
1,25,3,AA,1976,IAD,MIA,-7,19,1743,1950,25,-26,0,0,127,921
1,14,6,AA,1778,IAH,PHX,1,14,815,932,37,1,0,0,137,1009
1,2,1,AA,491,PHX,LAX,-1,61,922,934,15,49,0,0,72,370
1,31,2,AA,1849,LGA,CLT,-5,32,1032,1201,6,-23,0,0,89,544
1,11,3,AA,2539,MIA,BOS,-6,17,2022,2317,5,-5,0,0,175,1258
1,1,7,AA,2664,AUS,ORD,36,9,1905,2059,6,7,0,0,114,977
1,15,7,AA,1756,CLT,BDL,-6,21,1015,1140,4,-19,0,0,85,644
1,20,5,AA,502,PHX,IND,0,20,2005,55,7,-5,0,0,170,1488
1,19,4,AA,2649,AUS,LAX,-7,15,723,821,54,25,0,0,178,1242
1,29,7,AA,543,PHL,DFW,43,13,1001,1157,6,-8,0,0,176,1303
1,6,5,AA,307,DEN,PHX,53,17,1255,1426,6,47,0,0,91,602
1,29,7,AA,638,PHX,SJC,-4,24,1455,1522,3,-8,0,0,87,621
1,3,2,AA,1808,CLT,TPA,20,20,1341,1455,2,15,0,0,74,507
1,2,1,AA,1621,LGA,MIA,-5,11,1535,1818,16,-30,0,0,163,1096
1,16,1,AA,2044,PVD,CLT,-9,12,1112,1259,5,-25,0,0,107,683
1,12,4,AA,2197,DFW,CLE,-6,23,727,1025,5,-12,0,0,118,1021
1,15,7,AA,31,LAX,HNL,-8,51,905,1214,16,-21,0,0,309,2556
1,29,7,AA,1843,MCI,CLT,53,9,1122,1359,5,32,0,0,97,808
1,18,3,AA,593,PHX,ORD,-1,32,1021,1415,8,1,0,0,174,1440
1,9,1,AA,1369,DFW,SJC,1,26,932,1108,7,15,0,0,216,1438
1,4,3,AA,462,CLT,DEN,-4,20,1211,1334,11,-5,0,0,203,1337
1,15,7,AA,1672,SYR,CLT,-6,12,756,935,26,-24,0,0,99,603
1,13,5,AA,2386,IAH,DFW,-7,27,1838,1920,17,2,0,0,42,224
1,9,1,AA,1711,DCA,DFW,4,37,926,1109,11,-11,0,0,163,1192
1,24,2,AA,649,PHX,DFW,1,22,1022,1305,10,-14,0,0,103,868
1,27,5,AA,628,MCO,CLT,2,9,1026,1132,7,-22,0,0,66,468
1,24,2,AA,1602,DCA,DFW,-2,18,1306,1516,12,2,0,0,190,1192
1,4,3,AA,1187,DFW,SLC,-4,15,1743,1917,12,8,0,0,154,989
1,25,3,AA,782,PBI,PHL,-9,13,724,947,3,-3,0,0,143,951
1,4,3,AA,1442,STL,DFW,-2,24,815,956,8,9,0,0,101,550
1,25,3,AA,1820,DEN,CLT,4,12,1616,2049,12,-4,0,0,153,1337
1,30,1,AA,175,BOS,DFW,-2,19,617,846,11,-37,0,0,209,1562
1,18,3,AA,1433,ORD,FLL,-3,9,1156,1521,2,-25,0,0,145,1182
1,1,7,AA,1583,TUS,DFW,3,10,1625,1907,11,-7,0,0,102,813
1,14,6,AA,241,ORD,MIA,0,17,1327,1700,9,-8,0,0,153,1197
1,1,7,AA,2067,PWM,CLT,-1,34,1452,1704,11,5,0,0,132,813
1,7,6,AA,2091,CLT,DFW,11,85,906,1036,10,78,0,0,150,936
1,17,2,AA,1711,ATL,CLT,-5,13,1727,1810,15,-14,0,0,43,226
1,21,6,AA,2228,DFW,SMF,-6,10,854,1017,6,-17,0,0,203,1431
1,4,3,AA,431,LAS,CLT,15,16,2330,552,4,-4,0,0,202,1916
1,29,7,AA,1949,ATL,CLT,-8,21,713,752,8,-15,0,0,39,226
1,17,2,AA,1678,ATL,LGA,-5,22,1717,1906,7,-1,0,0,109,762
1,30,1,AA,2348,BNA,DFW,-6,16,713,843,18,-18,0,0,90,631
1,23,1,AA,1689,RDU,PHL,35,21,1421,1542,7,60,0,0,81,337
1,10,2,AA,1750,CLT,DCA,-2,10,1758,1857,4,-9,0,0,59,331
1,13,5,AA,2266,LGA,MIA,0,27,726,959,13,-3,0,0,153,1096
1,28,6,AA,2306,PBI,DFW,-2,13,1331,1530,10,0,0,0,179,1102
1,20,5,AA,1559,RDU,ORD,-9,14,1449,1534,7,-29,0,0,105,646
1,21,6,AA,2244,IAH,DFW,-3,14,643,723,12,-9,0,0,40,224
1,5,4,AA,1938,CLT,DCA,-5,20,1500,1601,5,-4,0,0,61,331
1,3,2,AA,589,CLT,ATL,-5,21,1822,1907,11,-6,0,0,45,226
1,22,7,AA,1870,CLT,ROC,22,10,2252,4,3,8,0,0,72,573
1,19,4,AA,1103,LGA,MIA,14,100,1144,1411,15,64,0,0,147,1096
1,24,2,AA,1425,DFW,MIA,0,20,1725,2037,6,-6,0,0,132,1121
1,30,1,AA,60,DFW,MIA,-3,20,1742,2050,6,-15,0,0,128,1121
1,11,3,AA,2385,SAT,DFW,-12,17,2000,2043,14,-7,0,0,43,247
1,6,5,AA,1002,MIA,DFW,0,23,2038,2235,3,2,0,0,177,1121
1,23,1,AA,1713,RIC,CLT,15,7,722,811,7,-6,0,0,49,257
1,29,7,AA,2329,DFW,MIA,-3,36,2113,26,6,15,0,0,133,1121
1,28,6,AA,2005,PHL,CLT,-6,12,1736,1849,10,-19,0,0,73,449
1,3,2,AA,25,ORD,LAS,22,17,1744,1935,6,34,0,0,231,1514
1,16,1,AA,809,SAN,PHX,-10,16,1931,2125,16,-3,0,0,54,304
1,25,3,AA,1670,BWI,CLT,-7,23,1926,2029,12,-2,0,0,63,361
1,19,4,AA,525,SLC,CLT,-7,15,27,551,6,-10,0,0,204,1727
1,2,1,AA,1423,PBI,DFW,-5,21,726,918,13,8,0,0,172,1102
1,13,5,AA,727,PIT,LAX,1,13,619,824,27,-8,0,0,305,2136
1,17,2,AA,316,MIA,SJU,-2,24,2213,116,10,1,0,0,123,1045
1,31,2,AA,952,DFW,EWR,-1,16,745,1149,6,1,0,0,184,1372
1,19,4,AA,2036,CLT,SYR,-1,33,1708,1836,3,10,0,0,88,603
1,22,7,AA,1254,MIA,SJU,11,18,1137,1436,8,3,0,0,119,1045
1,22,7,AA,462,CLT,DEN,-5,17,1206,1314,9,-26,0,0,188,1337
1,27,5,AA,1747,BDL,CLT,-2,11,1709,1904,8,-2,0,0,115,644
1,23,1,AA,891,CLT,DFW,4,15,1445,1607,5,-10,0,0,142,936
1,20,5,AA,2448,EGE,DFW,21,12,1442,1719,11,13,0,0,97,721
1,31,2,AA,1856,PHX,PHL,17,15,857,1451,6,4,0,0,234,2075
1,7,6,AA,2039,CLT,MSP,2,11,2228,2346,3,-8,0,0,138,930
1,24,2,AA,2058,CLT,MEM,2,25,1147,1218,10,20,0,0,91,511
1,4,3,AA,1270,MSP,ORD,7,19,626,720,14,-12,0,0,54,334
1,9,1,AA,1642,TPA,CLT,2,9,1406,1525,6,-7,0,0,79,507
1,28,6,AA,2004,MIA,ATL,-6,15,951,1122,8,-19,0,0,91,594
1,18,3,AA,1630,DFW,CMH,-10,14,1119,1415,8,-12,0,0,116,926
1,1,7,AA,182,LAX,AUS,200,21,1946,12,6,195,0,0,146,1242
1,16,1,AA,1275,MSY,ORD,-5,14,829,1020,8,-22,0,0,111,837
1,10,2,AA,319,PHX,PDX,-6,18,1117,1251,3,-6,0,0,154,1009
1,6,5,AA,1221,DFW,AUS,-2,52,1730,1810,21,49,0,0,40,190
1,7,6,AA,1937,CLT,BOS,2,47,1224,1354,7,18,0,0,90,728
1,6,5,AA,1757,TPA,PHL,-2,12,810,1008,4,-18,0,0,118,920
1,21,6,AA,1224,MCI,DFW,-6,34,828,945,7,3,0,0,77,460
1,11,3,B6,624,LAX,JFK,-2,14,1552,2313,8,-35,0,0,261,2475
1,15,7,B6,127,EWR,MCO,-4,12,1101,1306,10,-31,0,0,125,937
1,15,7,B6,1236,SJU,STT,-12,9,727,743,5,-17,0,0,16,68
1,22,7,B6,447,OAK,LGB,-5,11,957,1057,3,-8,0,0,60,353
1,27,5,B6,1206,PDX,JFK,9,16,2231,626,5,18,0,0,295,2454
1,29,7,B6,644,PBI,EWR,-7,10,1023,1232,6,-25,0,0,129,1023
1,3,2,B6,1066,RSW,BOS,-9,13,2109,2341,5,-13,0,0,152,1249
1,30,1,B6,147,OAK,LGB,-10,10,700,802,3,-14,0,0,62,353
1,19,4,B6,1208,IAD,JFK,-9,11,642,727,3,-25,0,0,45,228
1,23,1,B6,1701,JFK,FLL,-2,23,758,1040,6,-8,0,0,162,1069
1,15,7,B6,2106,FLL,EWR,1,20,1231,1452,11,-1,0,0,141,1065
1,25,3,B6,1243,DCA,CHS,-7,16,1905,2024,2,-15,0,0,79,444
1,4,3,B6,1042,SAV,JFK,6,39,1819,1946,8,16,0,0,87,718
1,14,6,B6,500,DAB,JFK,-9,13,1118,1322,10,-2,0,0,124,891
1,30,1,B6,1092,BQN,FLL,-10,7,420,527,33,-4,0,0,127,982
1,1,7,B6,1979,DCA,FLL,-7,21,1632,1844,10,-10,0,0,132,899
1,2,1,B6,778,LAS,BOS,32,10,27,740,5,2,0,0,253,2381
1,22,7,B6,1083,BOS,RDU,-3,15,1227,1406,4,-13,0,0,99,612
1,3,2,B6,748,LAS,JFK,28,14,1652,2350,14,8,0,0,238,2248
1,27,5,B6,1232,LGA,BOS,0,25,1805,1847,4,-14,0,0,42,184
1,3,2,B6,1902,FLL,JFK,5,15,1531,1745,7,-8,0,0,134,1069
1,12,4,B6,460,FLL,BDL,-7,8,1041,1307,6,-20,0,0,146,1173
1,31,2,B6,976,FLL,PHL,2,14,2049,2257,6,-7,0,0,128,992
1,8,7,B6,1936,LGB,SFO,20,29,1324,1442,32,69,0,0,78,354
1,8,7,B6,733,MCO,SJU,28,10,1511,1831,3,15,0,0,140,1189
1,9,1,B6,1512,RSW,EWR,25,11,2059,2323,5,16,0,0,144,1068
1,5,4,B6,1316,FLL,JAX,-10,18,1821,1915,8,-7,0,0,54,319
1,13,5,B6,563,ORD,FLL,6,22,740,1120,9,-3,0,0,160,1182
1,22,7,B6,657,CLE,FLL,56,8,1224,1509,5,58,0,0,165,1062
1,14,6,B6,552,SJU,TPA,323,11,47,226,2,306,0,0,159,1237
1,1,7,B6,925,JFK,TPA,9,27,1605,1855,9,26,0,0,170,1005
1,25,3,B6,1336,DTW,BOS,13,10,1928,2039,3,-12,0,0,71,632
1,2,1,B6,2302,JFK,BUF,21,19,1505,1558,5,12,0,0,53,301
1,1,7,B6,1371,LGA,FLL,30,12,2227,54,3,9,0,0,147,1076
1,24,2,B6,481,DCA,RSW,-10,12,1408,1607,3,-39,0,0,119,892
1,19,4,B6,1205,JFK,PDX,-4,21,2056,2313,5,-41,0,0,317,2454
1,5,4,B6,1776,PHL,BOS,-9,18,828,912,7,-23,0,0,44,280
1,13,5,B6,168,OAK,JFK,149,11,108,838,8,116,0,0,270,2576
1,31,2,B6,441,BOS,CLE,-8,11,653,823,9,-28,0,0,90,563
1,7,6,B6,2079,LAS,LGB,18,14,1549,1634,4,16,0,0,45,231
1,22,7,B6,930,RSW,JFK,74,13,1451,1722,7,83,0,0,151,1074
1,25,3,B6,2466,FLL,BUF,-10,12,1504,1735,2,-20,0,0,151,1166
1,13,5,B6,761,LGA,PBI,25,53,1741,2009,4,31,0,0,148,1035
1,8,7,B6,1036,SJU,STT,41,8,1719,1735,3,32,0,0,16,68
1,20,5,B6,2615,JAX,FLL,8,10,1205,1258,8,2,0,0,53,319
1,14,6,B6,113,HPN,FLL,-6,14,808,1039,8,-27,0,0,151,1097
1,9,1,B6,185,ROC,JFK,-9,15,541,629,5,-25,0,0,48,264
1,11,3,B6,400,MSY,BOS,-3,10,1457,1847,4,-4,0,0,170,1368
1,3,2,B6,94,MCO,HPN,-7,14,1033,1248,3,-9,0,0,135,972
1,30,1,B6,727,BOS,BWI,-9,16,633,733,5,-30,0,0,60,369
1,12,4,B6,1274,CHS,JFK,-5,14,1010,1135,7,-3,0,0,85,636
1,28,6,B6,308,JFK,PWM,-2,24,1335,1424,3,0,0,0,49,273
1,9,1,B6,352,MCO,BOS,223,17,1806,2049,6,238,0,0,163,1121
1,24,2,B6,2276,SJU,BDL,-13,10,357,625,12,-24,0,0,208,1666
1,23,1,B6,441,BOS,CLE,-2,12,700,839,6,-15,0,0,99,563
1,1,7,B6,14,LGB,JFK,25,11,2204,537,6,4,0,0,273,2465
1,21,6,B6,940,SRQ,BOS,-13,12,1230,1506,3,-19,0,0,156,1220
1,3,2,B6,1601,JFK,FLL,153,28,1827,2056,7,138,0,0,149,1069
1,25,3,B6,672,FLL,LGA,-4,24,1827,2053,7,1,0,0,146,1076
1,9,1,B6,1289,EWR,SJU,151,19,920,1347,4,150,0,0,207,1608
1,31,2,B6,2289,DTW,FLL,19,108,912,1138,3,87,0,0,146,1127
1,8,7,B6,493,BOS,DEN,-5,46,805,1017,6,7,0,0,252,1754
1,14,6,B6,359,JFK,BUR,25,37,1812,2104,5,32,0,0,352,2465
1,6,5,B6,577,FLL,SFO,-4,15,720,1041,10,13,0,0,381,2584
1,21,6,B6,312,ORD,BOS,-9,7,1318,1605,6,-24,0,0,107,867
1,25,3,B6,2224,MCO,DCA,-10,17,1456,1644,4,-9,0,0,108,759
1,27,5,B6,1124,LAX,JFK,0,21,2138,551,5,24,0,0,313,2475
1,22,7,B6,975,PHL,FLL,97,13,1843,2108,22,103,0,0,145,992
1,24,2,B6,118,JFK,BOS,-6,18,1405,1444,4,-14,0,0,39,187
1,20,5,B6,759,BOS,PHL,-3,14,1222,1321,12,-16,0,0,59,280
1,12,4,B6,523,JFK,LAX,-13,17,1214,1525,6,5,0,0,371,2475
1,18,3,B6,1494,MCO,HPN,0,18,1738,2002,5,13,0,0,144,972
1,22,7,B6,570,FLL,BOS,-4,18,1325,1604,6,-8,0,0,159,1237
1,5,4,B6,1989,LAS,SFO,13,22,952,1107,9,17,0,0,75,414
1,5,4,B6,959,BDL,FLL,-5,13,708,953,7,-23,0,0,165,1173
1,26,4,B6,340,SJU,STX,-10,16,1348,1408,3,-13,0,0,20,94
1,29,7,B6,1294,MCO,HPN,8,10,2046,2249,4,-7,0,0,123,972
1,20,5,B6,1586,MCO,BUF,11,13,1900,2112,4,6,0,0,132,1011
1,30,1,B6,801,MCO,SLC,-6,10,1902,2130,8,-18,0,0,268,1931
1,20,5,B6,149,JFK,PSP,18,16,1834,2057,5,-3,0,0,323,2378
1,5,4,B6,715,DCA,JAX,-11,9,1336,1512,3,-29,0,0,96,634
1,24,2,B6,705,EWR,FLL,54,14,2238,53,6,32,0,0,135,1065
1,9,1,B6,518,JFK,BOS,-5,14,1137,1222,5,-6,0,0,45,187
1,20,5,B6,529,FLL,SAN,-9,14,1734,1954,4,-15,0,0,320,2269
1,10,2,B6,1075,PVD,MCO,30,10,1526,1754,9,5,0,0,148,1072
1,17,2,B6,288,LAX,BOS,-8,10,702,1454,9,-18,0,0,292,2611
1,26,4,B6,1236,SJU,STT,-15,9,724,739,5,-21,0,0,15,68
1,10,2,B6,1137,BOS,DTW,-7,34,717,910,14,13,0,0,113,632
1,22,7,B6,433,DCA,PBI,-4,11,707,916,4,-19,0,0,129,857
1,13,5,B6,1331,BOS,LGA,-3,26,1743,1837,5,-5,0,0,54,184
1,12,4,B6,823,DCA,MCO,-1,20,1618,1815,11,-1,0,0,117,759
1,25,3,B6,358,BUR,JFK,-3,14,2140,515,5,-26,0,0,275,2465
1,29,7,B6,929,JFK,RSW,35,13,946,1245,4,25,0,0,179,1074
1,29,7,B6,475,PVD,MCO,-9,10,701,1002,11,-2,0,0,181,1072
1,12,4,B6,2224,MCO,DCA,-16,26,1459,1649,5,-3,0,0,110,759
1,31,2,B6,1171,LGA,FLL,58,56,1637,1909,9,70,0,0,152,1076
1,4,3,B6,700,LAX,FLL,63,14,1427,2130,9,41,0,0,243,2342
1,12,4,B6,223,JFK,LAX,-3,78,1000,1314,10,78,0,0,374,2475
1,10,2,B6,691,BOS,TPA,93,16,2229,123,4,75,0,0,174,1185
1,20,5,B6,1136,LGB,SFO,0,21,711,817,5,4,0,0,66,354
1,16,1,B6,808,SJU,BOS,-1,14,1555,1848,4,-4,0,0,233,1674
1,12,4,B6,915,JFK,SFO,-8,38,1631,1959,10,24,0,0,388,2586
1,22,7,B6,1901,JFK,FLL,21,23,2219,130,4,47,0,0,191,1069
1,14,6,B6,389,BOS,DCA,-15,16,920,1035,3,-21,0,0,75,399
1,11,3,B6,903,BDL,RSW,33,14,1235,1525,5,13,0,0,170,1180
1,3,2,B6,98,DEN,JFK,83,32,152,701,8,97,0,0,189,1626
1,29,7,B6,606,LGB,SEA,-4,14,845,1058,5,-18,0,0,133,965
1,19,4,B6,1460,FLL,BDL,37,11,2157,25,5,32,0,0,148,1173
1,10,2,B6,2324,MCO,DCA,-6,14,648,840,7,3,0,0,112,759
1,24,2,B6,1916,BUF,BOS,9,26,1955,2123,5,47,0,0,88,395
1,13,5,B6,741,BOS,SRQ,6,19,834,1130,3,-16,0,0,176,1220
1,16,1,B6,1253,FLL,SJU,-10,15,1605,1913,4,-12,0,0,128,1046
1,28,6,B6,498,SEA,BOS,7,16,2335,714,4,-5,0,0,279,2496
1,16,1,B6,2067,HPN,PBI,27,19,1622,1838,2,4,0,0,136,1056
1,4,3,B6,182,BNA,FLL,42,13,1717,2010,6,33,0,0,113,793
1,18,3,B6,280,LGB,LAS,-9,8,1120,1209,6,-12,0,0,49,231
1,18,3,B6,1631,SLC,LGB,22,10,1057,1122,3,12,0,0,85,588
1,22,7,B6,1652,MCO,BOS,5,9,1403,1658,10,29,0,0,175,1121
1,16,1,B6,498,SEA,BOS,36,13,1,753,4,34,0,0,292,2496
1,16,1,B6,477,JFK,JAX,-5,21,1614,1808,4,-34,0,0,114,828
1,7,6,B6,170,FLL,BOS,4,15,1817,2038,4,-22,0,0,141,1237
1,19,4,B6,672,FLL,LGA,14,27,1848,2110,21,32,0,0,142,1076
1,20,5,B6,1084,RDU,BOS,6,17,1523,1655,10,14,0,0,92,612
1,8,7,B6,119,ALB,MCO,49,10,1753,2021,12,29,0,0,148,1073
1,18,3,B6,959,BDL,FLL,-2,12,710,951,6,-26,0,0,161,1173
1,29,7,B6,380,LGB,LAS,-10,25,705,748,6,-2,0,0,43,231
1,31,2,B6,2135,SFO,LGB,-15,9,1730,1832,3,-21,0,0,62,354
1,11,3,B6,932,HOU,BOS,-8,8,1824,2246,5,-5,0,0,202,1609
1,9,1,B6,1827,EWR,MCO,98,43,952,1202,12,108,0,0,130,937
1,13,5,B6,959,BDL,FLL,-8,13,705,946,7,-30,0,0,161,1173
1,30,1,B6,365,SMF,LGB,-2,14,921,1025,7,5,0,0,64,387
1,8,7,B6,615,JFK,SFO,82,19,1321,1649,12,108,0,0,388,2586
1,15,7,B6,233,BTV,JFK,-3,20,557,648,9,-11,0,0,51,266
1,18,3,B6,205,EWR,FLL,-2,10,1435,1649,7,-38,0,0,134,1065
1,15,7,B6,1385,ROC,JFK,43,6,1418,1512,3,26,0,0,54,264
1,29,7,B6,1827,EWR,MCO,-7,12,736,1016,9,-1,0,0,160,937
1,19,4,B6,544,PBI,EWR,-8,17,1247,1511,8,-9,0,0,144,1023
1,31,2,B6,533,BDL,TPA,-9,35,1605,1838,2,-13,0,0,153,1111
1,12,4,B6,2019,ORH,FLL,-3,8,1738,2024,6,-28,0,0,166,1211
1,25,3,B6,117,BOS,JFK,-3,13,1205,1247,5,-18,0,0,42,187
1,28,6,B6,2106,FLL,EWR,24,14,1248,1511,8,15,0,0,143,1065
1,7,6,B6,341,STX,SJU,26,10,1536,1558,4,19,0,0,22,94
1,7,6,B6,672,FLL,LGA,94,20,2001,2211,45,117,0,0,130,1076
1,8,7,B6,2070,FLL,BOS,116,27,1655,1937,5,115,0,0,162,1237
1,30,1,B6,688,LAX,BOS,-5,11,2126,527,3,-11,0,0,301,2611
1,9,1,B6,2379,BOS,EWR,53,24,942,1026,13,46,0,0,44,200
1,19,4,B6,1482,RIC,BOS,-16,9,826,938,3,-23,0,0,72,474
1,24,2,B6,611,JFK,LAS,-4,19,1923,2136,7,-23,0,0,313,2248
1,10,2,B6,1726,TPA,JFK,45,14,1958,2202,4,30,0,0,124,1005
1,12,4,B6,606,LGB,SEA,11,10,856,1106,14,-1,0,0,130,965
1,8,7,B6,188,SFO,LAS,251,18,2216,2314,21,257,0,0,58,414
1,28,6,B6,602,PHX,BOS,-7,11,2333,608,9,5,0,0,275,2300
1,25,3,B6,552,SJU,TPA,-13,12,1912,2057,3,-22,0,0,165,1237
1,27,5,B6,1084,RDU,BOS,28,10,1538,1710,5,24,0,0,92,612
1,15,7,B6,66,ABQ,JFK,-5,8,2,530,6,-16,0,0,208,1826
1,24,2,B6,833,BOS,SFO,-5,25,1800,2051,13,-30,0,0,351,2704
1,22,7,B6,606,LGB,SEA,18,9,902,1117,7,3,0,0,135,965
1,15,7,B6,597,BOS,SEA,-3,20,1117,1410,7,-4,0,0,353,2496
1,1,7,B6,698,MCO,LGA,7,21,1953,2153,17,8,0,0,120,950
1,4,3,B6,781,BOS,RIC,-4,14,1204,1331,3,-12,0,0,87,474
1,23,1,B6,846,MCO,SWF,-1,20,1455,1714,4,2,0,0,139,989
1,2,1,B6,287,BOS,LAX,-5,20,715,1044,10,25,0,0,389,2611
1,7,6,B6,966,RSW,BOS,-1,13,612,828,8,-22,0,0,136,1249
1,5,4,B6,1968,PBI,HPN,41,9,2038,2254,4,29,0,0,136,1056
1,2,1,B6,1295,JFK,AUS,-2,18,2116,4,6,-10,0,0,228,1521
1,3,2,B6,2189,JFK,MCO,7,44,1550,1807,10,15,0,0,137,944
1,16,1,B6,658,FLL,CLE,-5,9,744,1004,4,-30,0,0,140,1062
1,18,3,B6,984,RDU,BOS,-10,20,1809,1958,6,17,0,0,109,612
1,19,4,B6,1126,FLL,RDU,-17,13,1818,1959,7,-18,0,0,101,680
1,27,5,B6,120,MCO,ALB,-7,9,1335,1546,2,-25,0,0,131,1073
1,1,7,B6,839,JFK,BQN,0,18,17,418,4,-21,0,0,181,1576
1,17,2,B6,1385,ROC,JFK,34,14,1417,1508,5,24,0,0,51,264
1,1,7,B6,71,JFK,SLC,-2,18,1958,2255,5,-8,0,0,297,1990
1,9,1,B6,1005,EWR,FLL,198,23,2200,17,5,171,0,0,137,1065
1,6,5,B6,915,JFK,SFO,33,18,1652,2019,11,45,0,0,387,2586
1,15,7,B6,1416,LGB,AUS,25,11,1052,1512,5,16,0,0,140,1226
1,22,7,B6,832,LGA,BOS,-1,21,1443,1522,5,-9,0,0,39,184
1,24,2,B6,1907,BOS,BNA,-5,12,1719,1834,6,-35,0,0,135,942
1,27,5,B6,466,RSW,BOS,-4,18,1302,1537,5,-5,0,0,155,1249
1,12,4,B6,822,PBI,BOS,9,13,1747,2028,5,9,0,0,161,1197
1,21,6,B6,2465,BUF,FLL,-7,13,811,1054,22,-12,0,0,163,1166
1,28,6,B6,582,HOU,JFK,-11,13,1157,1535,6,-32,0,0,158,1428
1,5,4,B6,725,SJC,LGB,-5,13,658,750,3,-15,0,0,52,324
1,16,1,B6,262,SJU,BOS,-7,12,616,905,5,-9,0,0,229,1674
1,12,4,B6,1526,BWI,BOS,8,11,2009,2113,3,8,0,0,64,369
1,18,3,B6,1626,LGB,SJC,-5,8,1116,1217,3,-12,0,0,61,324
1,13,5,B6,277,FLL,SFO,18,11,2001,2224,8,-32,0,0,323,2584
1,4,3,B6,195,BWI,FLL,-8,25,717,925,5,-13,0,0,128,925
1,9,1,B6,1790,DCA,BOS,-8,15,607,707,5,-12,0,0,60,399
1,18,3,B6,680,LGB,LAS,-12,11,1659,1744,7,-14,0,0,45,231
1,6,5,B6,703,JFK,SJU,5,39,1755,2215,5,15,0,0,200,1598
1,26,4,B6,802,SLC,MCO,104,35,205,737,5,102,0,0,212,1931
1,22,7,B6,1933,MCO,SJU,-7,15,1029,1341,4,-20,0,0,132,1189
1,1,7,B6,221,BOS,PBI,-4,15,905,1155,3,-24,0,0,170,1197
1,12,4,B6,1453,FLL,SJU,-2,14,1902,2204,4,-11,0,0,122,1046
1,30,1,B6,1089,BOS,DCA,-14,20,1635,1741,3,-30,0,0,66,399
1,5,4,B6,211,EWR,RSW,-1,30,1008,1241,2,-24,0,0,153,1068
1,10,2,B6,890,DCA,BOS,0,23,1740,1854,4,12,0,0,74,399
1,24,2,B6,1316,FLL,JAX,-3,25,1835,1932,5,7,0,0,57,319
1,5,4,B6,1582,RSW,DCA,-1,16,1140,1340,5,8,0,0,120,892
1,23,1,B6,371,LGA,FLL,-9,24,615,903,5,-7,0,0,168,1076
1,3,2,B6,76,MSY,JFK,2,17,944,1323,11,26,0,0,159,1182
1,23,1,B6,1472,FLL,LGA,63,15,2156,47,4,84,0,0,171,1076
1,9,1,B6,312,ORD,BOS,34,12,1406,1703,5,33,0,0,117,867
1,20,5,B6,1186,RDU,JFK,-1,29,2128,2239,6,5,0,0,71,427
1,28,6,B6,7,FLL,LAS,42,17,1901,2103,7,33,0,0,302,2173
1,27,5,B6,889,BOS,DCA,5,16,1404,1513,2,-9,0,0,69,399
1,12,4,B6,116,JFK,SYR,43,11,1156,1242,4,33,0,0,46,209
1,23,1,B6,1446,CLT,BOS,62,17,1909,2048,7,65,0,0,99,728
1,3,2,B6,1083,BOS,RDU,29,17,1301,1450,3,32,0,0,109,612
1,14,6,B6,690,MCO,JFK,84,10,2322,129,8,88,0,0,127,944
1,21,6,B6,842,SAV,JFK,3,13,1024,1157,8,1,0,0,93,718
1,23,1,B6,512,AUS,FLL,-10,13,1103,1408,9,-14,0,0,125,1105
1,17,2,B6,1467,HPN,PBI,-9,11,632,844,3,-42,0,0,132,1056
1,22,7,B6,1822,LGB,PDX,165,9,2147,2334,4,143,0,0,107,846
1,15,7,B6,1580,FLL,DCA,58,13,1643,1855,4,63,0,0,132,899
1,25,3,B6,1232,LGA,BOS,-13,51,1818,1851,5,-9,0,0,33,184
1,21,6,B6,72,SLC,JFK,27,14,2328,521,6,22,0,0,233,1990
1,15,7,B6,570,FLL,BOS,6,12,1329,1613,5,0,0,0,164,1237
1,10,2,B6,69,BOS,FLL,-2,17,750,1036,5,-31,0,0,166,1237
1,3,2,B6,395,HPN,MCO,-11,12,1031,1253,9,-18,0,0,142,972
1,24,2,B6,488,LAX,BOS,-9,16,1152,1951,6,-11,0,0,299,2611
1,16,1,B6,753,JFK,PBI,-4,24,2007,2222,3,-34,0,0,135,1028
1,11,3,B6,1906,BNA,BOS,-11,12,2003,2304,5,-22,0,0,121,942
1,5,4,B6,24,LAX,JFK,-6,14,638,1411,4,-36,0,0,273,2475
1,18,3,B6,1383,BOS,RDU,-6,17,846,1023,3,-21,0,0,97,612
1,15,7,B6,813,HPN,FLL,14,11,1905,2144,10,9,0,0,159,1097
1,20,5,B6,801,MCO,SLC,-3,12,1907,2128,4,-24,0,0,261,1931
1,7,6,B6,1936,LGB,SFO,76,29,1339,1444,5,85,0,0,65,354
1,13,5,B6,1109,BOS,JAX,7,17,824,1045,4,-20,0,0,141,1010
1,3,2,B6,261,BOS,SJU,28,19,42,557,3,67,0,0,255,1674
1,2,1,B6,428,MCO,EWR,61,14,2314,115,12,65,0,0,121,937
1,4,3,B6,2269,BOS,FLL,8,30,1244,1542,5,3,0,0,178,1237
1,9,1,B6,888,SFO,LAS,52,41,1445,1545,8,68,0,0,60,414
1,31,2,B6,98,DEN,JFK,-5,12,6,503,5,-28,0,0,177,1626
1,2,1,B6,1059,BOS,PHL,96,27,1744,1850,11,99,0,0,66,280
1,11,3,B6,2006,FLL,EWR,-3,10,618,839,5,-12,0,0,141,1065
1,31,2,B6,1410,JAX,BOS,39,12,1312,1520,5,39,0,0,128,1010
1,21,6,B6,543,EWR,PBI,-11,15,1613,1829,17,-21,0,0,136,1023
1,11,3,B6,425,JFK,TPA,-6,13,607,837,5,-19,0,0,150,1005
1,9,1,B6,932,HOU,BOS,-6,7,1825,2254,5,3,0,0,209,1609
1,24,2,B6,1979,DCA,FLL,-3,31,1633,1833,4,-13,0,0,120,899
1,30,1,B6,87,ALB,FLL,-3,10,1321,1611,5,-21,0,0,170,1204
1,21,6,B6,1404,SJU,JFK,17,9,1126,1411,5,18,0,0,225,1598
1,10,2,B6,722,PBI,BOS,-4,10,1129,1418,5,4,0,0,169,1197
1,30,1,B6,126,BWI,BOS,-6,8,1502,1600,4,-17,0,0,58,369
1,5,4,B6,651,TPA,SJU,-9,13,633,1001,6,-11,0,0,148,1237
1,8,7,B6,1460,FLL,BDL,144,16,2349,225,5,152,0,0,156,1173
1,26,4,B6,161,JFK,SMF,-8,27,1954,2206,5,-56,0,0,312,2521
1,10,2,B6,1185,JFK,RDU,1,31,1600,1713,3,-5,0,0,73,427
1,30,1,B6,1417,AUS,LGB,4,10,1557,1637,3,-15,0,0,160,1226
1,9,1,B6,1633,BTV,JFK,-4,9,1120,1211,8,-15,0,0,51,266
1,10,2,B6,1197,PVD,FLL,41,8,1741,2027,30,35,0,0,166,1188
1,9,1,B6,1317,BOS,JFK,17,14,1928,2011,8,3,0,0,43,187
1,6,5,B6,585,ROC,JFK,-2,8,1914,2012,8,-11,0,0,58,264
1,19,4,B6,101,FLL,LAX,18,14,2009,2234,7,9,0,0,325,2342
1,19,4,B6,1436,LGB,SFO,-6,36,1805,1910,8,16,0,0,65,354
1,16,1,B6,725,SJC,LGB,-6,12,656,751,3,-14,0,0,55,324
1,16,1,B6,1137,BOS,DTW,-5,41,726,922,8,19,0,0,116,632
1,1,7,B6,1888,MCO,ORH,22,11,1323,1545,5,23,0,0,142,1091
1,23,1,B6,1332,LGA,BOS,-2,87,2100,2137,5,44,0,0,37,184
1,19,4,B6,34,JFK,BTV,-10,16,1712,1801,5,-21,0,0,49,266
1,2,1,B6,616,SFO,JFK,52,21,1558,2330,10,28,0,0,272,2586
1,1,7,B6,1347,DCA,SJU,-1,17,901,1333,8,5,0,0,212,1554
1,21,6,B6,90,SAN,JFK,-5,14,2118,455,6,-15,0,0,277,2446
1,15,7,B6,1853,FLL,SJU,29,16,2234,143,4,29,0,0,129,1046
1,8,7,B6,916,SFO,JFK,110,17,1802,132,4,75,0,0,270,2586
1,27,5,B6,8,LAS,FLL,10,16,2154,444,5,-10,0,0,230,2173
1,15,7,B6,1125,RDU,FLL,-8,20,932,1112,34,18,0,0,100,680
1,11,3,B6,1511,EWR,RSW,4,16,1538,1810,4,-18,0,0,152,1068
1,1,7,B6,1083,BOS,RDU,-6,11,1220,1403,5,-13,0,0,103,612
1,29,7,B6,126,BWI,BOS,-3,11,1508,1608,6,-7,0,0,60,369
1,21,6,B6,465,BOS,RSW,-7,10,603,918,5,-29,0,0,195,1249
1,25,3,B6,1124,LAX,JFK,0,11,2128,457,5,-30,0,0,269,2475
1,29,7,B6,1109,BOS,JAX,-6,12,806,1056,5,-8,0,0,170,1010
1,21,6,B6,1925,SJC,LGB,0,11,1848,1938,2,-15,0,0,50,324
1,4,3,B6,1822,LGB,PDX,16,9,1918,2123,5,13,0,0,125,846
1,28,6,B6,552,SJU,TPA,-14,9,1908,2048,6,-28,0,0,160,1237
1,27,5,B6,1036,SJU,STT,75,9,1754,1811,3,68,0,0,17,68
1,31,2,B6,1036,SJU,STT,-4,7,1633,1648,4,-14,0,0,15,68
1,30,1,B6,1273,JFK,CHS,-5,24,719,859,9,-11,0,0,100,636
1,25,3,B6,536,FLL,SWF,-8,12,1530,1801,6,-16,0,0,151,1118
1,1,7,B6,2302,JFK,BUF,2,20,1447,1547,3,-1,0,0,60,301
1,10,2,B6,1076,MCO,PVD,-8,33,1151,1412,8,15,0,0,141,1072
1,12,4,B6,886,RDU,JFK,-4,13,1032,1147,10,9,0,0,75,427
1,21,6,B6,107,SEA,LGB,41,13,1257,1459,4,29,0,0,122,965
1,19,4,B6,87,ALB,FLL,-2,11,1323,1601,5,-31,0,0,158,1204
1,12,4,B6,566,FLL,ORD,54,18,2216,2356,14,54,0,0,160,1182
1,23,1,B6,675,JFK,MSY,-10,16,642,823,7,-34,0,0,161,1182
1,15,7,B6,299,LGA,MCO,-6,20,1614,1826,14,-37,0,0,132,950
1,2,1,B6,907,BOS,STT,10,17,1139,1559,4,-6,0,0,200,1693
1,27,5,DL,1914,ATL,DCA,2,19,1420,1533,4,-3,0,0,73,547
1,1,7,DL,765,JAX,ATL,-2,11,939,1029,10,-6,0,0,50,270
1,23,1,DL,996,MSP,SFO,44,23,1042,1228,28,49,0,0,226,1589
1,29,7,DL,715,DCA,MSP,-9,12,1056,1202,2,-43,0,0,126,931
1,23,1,DL,1503,DTW,RSW,-3,12,1020,1235,3,-42,0,0,135,1084
1,26,4,DL,1592,SAN,ATL,-4,19,645,1302,14,-33,0,0,197,1892
1,12,4,DL,2360,SLC,DCA,0,38,1736,2246,4,-9,0,0,190,1851
1,3,2,DL,941,DTW,BNA,-5,14,2219,2238,5,-13,0,0,79,456
1,23,1,DL,1972,AUS,JFK,-4,14,815,1242,4,2,0,0,207,1521
1,29,7,DL,922,SJU,ATL,-5,12,822,1044,5,-27,0,0,202,1547
1,10,2,DL,477,JFK,ATL,-2,20,1803,2000,16,-12,0,0,117,760
1,2,1,DL,1353,ATL,PNS,-1,26,1119,1109,4,0,0,0,50,271
1,9,1,DL,1189,BWI,SLC,8,11,1654,1937,7,10,0,0,283,1865
1,20,5,DL,306,RSW,DTW,-19,18,1759,2032,7,-19,0,0,153,1084
1,1,7,DL,2255,DTW,LGA,-3,14,845,956,13,-15,0,0,71,502
1,30,1,DL,2247,ECP,ATL,32,9,1846,2030,6,7,0,0,44,240
1,17,2,DL,743,DEN,SLC,-7,12,1135,1230,3,-33,0,0,55,391
1,23,1,DL,1811,MSP,MKE,9,48,1832,1923,6,30,0,0,51,297
1,28,6,DL,2844,ATL,CVG,0,13,2239,2338,4,-5,0,0,59,373
1,11,3,DL,1638,PBI,ATL,-4,15,556,719,4,-12,0,0,83,545
1,29,7,DL,2512,HSV,ATL,-4,9,640,812,6,-27,0,0,32,151
1,20,5,DL,1134,PBI,ATL,-4,11,1107,1225,8,-23,0,0,78,545
1,10,2,DL,760,ATL,SMF,0,14,957,1210,7,18,0,0,313,2092
1,18,3,DL,786,ATL,MCO,-2,23,2018,2118,10,-6,0,0,60,404
1,13,5,DL,1148,ATL,CVG,-2,10,736,833,3,-13,0,0,57,373
1,10,2,DL,968,MEM,MSP,-2,11,709,847,7,-25,0,0,98,700
1,11,3,DL,559,ATL,SJU,-1,16,1005,1405,3,-11,0,0,180,1547
1,9,1,DL,990,MSP,LAX,54,31,1545,1737,37,109,0,0,232,1535
1,28,6,DL,1600,PBI,LGA,-2,12,1709,1920,6,-27,0,0,131,1035
1,15,7,DL,2668,LGA,BOS,-1,27,1625,1702,10,-9,0,0,37,184
1,26,4,DL,1186,JAX,ATL,7,17,1254,1340,8,0,0,0,46,270
1,26,4,DL,24,MIA,ATL,4,17,1606,1737,8,-5,0,0,91,594
1,5,4,DL,2180,MEM,ATL,-7,13,1209,1359,7,-24,0,0,50,332
1,12,4,DL,1148,ATL,CVG,-1,15,742,842,6,-1,0,0,60,373
1,3,2,DL,1212,HNL,LAX,25,19,2226,448,11,-16,0,0,262,2556
1,17,2,DL,1868,AUS,ATL,-3,17,1109,1345,8,-11,0,0,96,813
1,27,5,DL,2490,ATL,CVG,0,18,1228,1329,6,-1,0,0,61,373
1,4,3,DL,1656,PBI,ATL,18,15,1413,1534,9,5,0,0,81,545
1,24,2,DL,2438,ATL,BMI,-6,27,2155,2218,5,3,0,0,83,533
1,30,1,DL,2254,LAX,ATL,-1,10,539,1235,12,6,0,0,236,1946
1,8,7,DL,1625,ATL,SAV,2,12,2344,23,6,-2,0,0,39,214
1,22,7,DL,2049,ATL,SFO,0,24,854,1056,10,12,0,0,302,2139
1,26,4,DL,2379,RDU,DTW,-5,17,1307,1435,4,-11,0,0,88,501
1,12,4,DL,157,SFO,ATL,56,15,1310,1957,9,25,0,0,227,2139
1,11,3,DL,1715,DTW,ATL,0,13,1041,1211,10,-25,0,0,90,594
1,31,2,DL,1666,MLB,ATL,-5,17,1142,1251,7,-17,0,0,69,442
1,25,3,DL,833,RDU,ATL,0,28,848,949,10,5,0,0,61,356
1,12,4,DL,1793,SAN,MSP,34,42,1546,2033,3,25,0,0,167,1532
1,11,3,DL,2435,ATL,SAT,-5,13,843,1006,6,-10,0,0,143,874
1,27,5,DL,2410,ATL,TLH,-2,28,1132,1214,2,4,0,0,42,223
1,28,6,DL,2075,MCI,ATL,-6,9,1243,1513,5,-24,0,0,90,692
1,3,2,DL,2166,MLB,ATL,-2,18,606,721,7,2,0,0,75,442
1,14,6,DL,2363,CID,ATL,-7,14,547,816,6,-40,0,0,89,694
1,25,3,DL,325,DTW,ATL,-2,14,1402,1542,6,-12,0,0,100,594
1,16,1,DL,1261,ATL,SAN,-1,32,2151,2311,3,-4,0,0,260,1892
1,11,3,DL,1513,DTW,ATL,0,9,1643,1819,4,-25,0,0,96,594
1,22,7,DL,354,LGA,MCO,-6,41,945,1207,6,-19,0,0,142,950
1,19,4,DL,2247,ECP,ATL,-6,20,1819,1959,14,-16,0,0,40,240
1,11,3,DL,1235,FLL,DTW,-7,17,1340,1618,5,-16,0,0,158,1127
1,27,5,DL,2422,CLT,ATL,11,33,1007,1054,7,16,0,0,47,226
1,2,1,DL,926,STT,ATL,2,11,812,1058,10,5,0,0,226,1599
1,20,5,DL,1196,LAX,OGG,4,33,902,1231,4,1,0,0,329,2486
1,20,5,DL,940,MEM,DTW,-4,11,621,842,8,-20,0,0,81,610
1,23,1,DL,1409,ATL,LAS,10,27,1022,1154,8,41,0,0,272,1747
1,18,3,DL,1659,ATL,LIT,-2,15,1428,1438,2,-15,0,0,70,453
1,29,7,DL,19,DTW,BWI,204,62,49,150,7,229,0,0,61,409
1,23,1,DL,411,ATL,IAH,57,20,1041,1118,5,44,0,0,97,689
1,23,1,DL,1621,ATL,SAV,-6,18,2232,2309,8,-2,0,0,37,214
1,30,1,DL,1150,LAX,ATL,-3,13,1655,2346,7,-9,0,0,231,1946
1,31,2,DL,1520,IAD,ATL,-7,14,602,728,3,-23,0,0,86,534
1,7,6,DL,1671,ATL,FLL,249,13,2157,2324,12,246,0,0,87,581
1,10,2,DL,1707,DTW,RDU,76,15,2139,2257,5,59,0,0,78,501
1,11,3,DL,661,ATL,STT,-3,22,1129,1528,4,-16,0,0,179,1599
1,18,3,DL,2317,IAD,ATL,4,16,1232,1351,7,-17,0,0,79,534
1,5,4,DL,2391,BOS,MSP,60,25,1800,1949,5,49,0,0,169,1124
1,8,7,DL,2427,IAH,ATL,53,17,930,1202,9,52,0,0,92,689
1,17,2,DL,945,IAH,MSP,-7,16,639,849,7,-29,0,0,130,1034
1,14,6,DL,1317,LAX,LIH,36,16,1757,2120,5,3,0,0,323,2615
1,1,7,DL,228,MCO,CVG,-4,9,1320,1502,4,-20,0,0,102,757
1,24,2,DL,1145,ANC,SEA,-18,26,43,437,4,-26,0,0,174,1448
1,6,5,DL,1364,MCI,ATL,9,14,1914,2143,8,0,0,0,89,692
1,11,3,DL,769,ATL,MKE,-3,17,2251,2324,6,-15,0,0,93,669
1,22,7,DL,1107,CHS,ATL,186,24,2025,2122,6,184,0,0,57,259
1,19,4,DL,2042,EWR,ATL,-7,15,1653,1839,6,-40,0,0,106,746
1,24,2,DL,1692,ATL,SAN,1,19,830,1003,5,1,0,0,273,1892
1,11,3,DL,1461,MIA,ATL,-3,14,801,927,10,-12,0,0,86,594
1,3,2,DL,2169,ATL,CMH,-5,15,1655,1800,4,-11,0,0,65,447
1,25,3,DL,2341,MSP,OMA,-7,27,2230,2322,4,5,0,0,52,282
1,2,1,DL,2137,LAX,LAS,0,23,1728,1818,5,1,0,0,50,236
1,31,2,DL,1104,HNL,SLC,107,21,8,812,8,66,0,0,304,2994
1,9,1,DL,1790,SAT,ATL,185,14,1651,1940,10,176,0,0,109,874
1,9,1,DL,1208,ATL,BOS,0,8,1353,1604,8,-8,0,0,131,946
1,30,1,DL,176,DFW,ATL,13,12,1510,1747,10,7,0,0,97,731
1,9,1,DL,2352,MIA,JFK,13,20,1258,1558,12,41,0,0,180,1089
1,12,4,DL,952,SLC,SNA,114,34,1928,2005,10,136,0,0,97,588
1,12,4,DL,1692,SAN,ATL,-1,17,1128,1801,6,-23,0,0,213,1892
1,12,4,DL,1118,ATL,DEN,1,12,1353,1446,15,-6,0,0,173,1199
1,5,4,DL,1891,TPA,ATL,-9,17,1153,1259,6,-20,0,0,66,406
1,21,6,DL,1511,DTW,DEN,-4,17,843,911,12,-28,0,0,148,1123
1,23,1,DL,2321,MIA,MSP,-3,15,642,900,13,-20,0,0,198,1501
1,5,4,DL,1955,LGA,ATL,-3,10,2002,2208,4,-32,0,0,126,762
1,13,5,DL,1733,ATL,ECP,0,12,947,928,4,-8,0,0,41,240
1,9,1,DL,219,SJC,SLC,10,14,1849,2106,7,-6,0,0,77,584
1,3,2,DL,2219,DTW,MSP,-6,15,1014,1037,3,-29,0,0,83,528
1,20,5,DL,2456,MCO,SEA,-3,15,727,953,8,-36,0,0,326,2554
1,21,6,DL,1766,MSP,IAH,-6,21,1150,1412,3,-28,0,0,142,1034
1,21,6,DL,2668,LGA,BOS,-4,13,1608,1650,5,-26,0,0,42,184
1,17,2,DL,157,SFO,ATL,3,26,1228,1928,13,0,0,0,240,2139
1,11,3,DL,1546,ATL,PHX,0,17,827,1011,10,-11,0,0,224,1587
1,12,4,DL,2537,SLC,DFW,-2,22,2044,2349,6,-11,0,0,125,989
1,20,5,DL,1537,ATL,LIT,-2,19,1653,1705,4,-7,0,0,72,453
1,12,4,DL,2131,LGA,DTW,8,30,1937,2105,8,-5,0,0,88,502
1,23,1,DL,2065,JFK,FLL,-6,40,1619,1841,4,-30,0,0,142,1069
1,10,2,DL,1186,JAX,ATL,12,13,1255,1344,11,7,0,0,49,270
1,10,2,DL,1798,ATL,ICT,0,8,928,1029,3,-10,0,0,121,782
1,2,1,DL,2121,KOA,LAX,22,17,1435,2122,29,21,0,0,287,2504
1,28,6,DL,1966,AVL,ATL,4,16,1325,1359,6,-12,0,0,34,164
1,8,7,DL,2270,LAX,MEM,64,33,1526,2031,6,60,0,0,185,1619
1,20,5,DL,2379,RDU,DTW,-3,10,1302,1426,6,-18,0,0,84,501
1,11,3,DL,1597,MSP,PHL,-1,33,1402,1707,7,12,0,0,125,980
1,3,2,DL,2295,SAN,SLC,8,11,1039,1258,4,-18,0,0,79,626
1,30,1,DL,2824,ATL,PNS,-1,16,2127,2114,4,-12,0,0,47,271
1,10,2,DL,423,JFK,LAX,-3,16,1158,1458,40,28,0,0,360,2475
1,7,6,DL,1829,OMA,SLC,72,11,1453,1630,12,99,0,0,157,840
1,9,1,DL,1150,HNL,LAX,-7,18,808,1530,17,7,0,0,322,2556
1,10,2,DL,1400,DTW,SLC,-3,12,1919,2112,13,7,0,0,233,1481
1,10,2,DL,839,DTW,LGA,-7,12,2200,2315,14,-21,0,0,75,502
1,20,5,DL,1273,FAY,ATL,-4,10,1250,1349,10,-21,0,0,59,331
1,4,3,DL,1154,IND,ATL,12,9,1212,1317,4,-10,0,0,65,432
1,18,3,DL,2206,ORF,ATL,-7,14,1622,1745,10,-26,0,0,83,516
1,13,5,DL,1191,ATL,EWR,19,22,1211,1348,4,11,0,0,97,746
1,14,6,DL,33,ATL,MCO,-4,15,2205,2304,3,-14,0,0,59,404
1,17,2,DL,846,MSN,DTW,-7,31,1419,1607,19,8,0,0,48,311
1,9,1,DL,2291,ATL,CLE,3,14,1942,2103,7,-8,0,0,81,554
1,3,2,DL,1938,ATL,DCA,-3,14,2221,2333,4,-16,0,0,72,547
1,23,1,DL,505,MKE,DTW,-9,7,1835,2024,11,-19,0,0,49,237
1,20,5,DL,2086,MCI,DTW,-3,14,1805,2023,8,-18,0,0,78,629
1,25,3,DL,611,LAX,HNL,-1,33,857,1220,7,-16,0,0,323,2556
1,25,3,DL,1495,ATL,EYW,-2,20,1118,1248,2,-5,0,0,90,646
1,10,2,DL,1619,PBI,LGA,-5,17,1452,1710,26,-4,0,0,138,1035
1,17,2,DL,1695,ATL,CMH,-2,12,1641,1747,2,-14,0,0,66,447
1,2,1,DL,1502,CVG,TPA,-6,14,728,922,3,-12,0,0,114,773
1,29,7,DL,2580,MSP,OKC,437,10,354,518,4,385,0,0,84,694
1,24,2,DL,2191,LAX,MSP,41,19,1410,1912,3,14,0,0,182,1535
1,14,6,DL,2186,OKC,ATL,84,25,1744,2020,4,87,0,0,96,761
1,28,6,DL,2318,MIA,LGA,-7,11,1115,1329,3,-44,0,0,134,1096
1,14,6,DL,2100,MCO,MSP,-3,22,719,918,4,-14,0,0,179,1310
1,20,5,DL,1136,ATL,RSW,0,12,1431,1548,4,-7,0,0,77,515
1,24,2,DL,1418,SLC,ATL,1,20,721,1218,12,-24,0,0,177,1590
1,10,2,DL,2444,DTW,TPA,-1,64,928,1142,4,34,0,0,134,983
1,5,4,DL,2529,ATL,CLE,9,14,2243,2400,6,-5,0,0,77,554
1,11,3,DL,1837,ATL,MCO,-1,14,1708,1810,8,-7,0,0,62,404
1,29,7,DL,2478,ATL,ORF,-6,20,1749,1859,13,0,0,0,70,516
1,4,3,DL,604,MSP,SFO,22,22,1524,1727,9,43,0,0,243,1589
1,18,3,DL,303,SJC,ATL,-4,12,2226,530,8,-11,0,0,244,2116
1,13,5,DL,1726,ATL,FLL,20,9,1448,1611,8,3,0,0,83,581
1,8,7,DL,82,MSY,ATL,8,10,1218,1419,11,0,0,0,61,425
1,22,7,DL,2233,MCI,ATL,-3,10,812,1043,8,-17,0,0,91,692
1,2,1,DL,2113,MSP,MCI,3,43,2058,2202,5,4,0,0,64,393
1,15,7,DL,1111,DCA,ATL,-5,11,1351,1516,7,-25,0,0,85,547
1,9,1,DL,1634,SEA,SLC,-4,13,724,955,7,-16,0,0,91,689
1,23,1,DL,832,ATL,RDU,68,20,1751,1849,5,75,0,0,58,356
1,5,4,DL,1661,PHL,ATL,50,15,1920,2110,24,51,0,0,110,666
1,5,4,DL,904,LGA,ATL,-1,19,718,920,8,-8,0,0,122,762
1,24,2,DL,1678,ATL,SRQ,-2,21,1045,1149,3,-3,0,0,64,444
1,21,6,DL,2392,DAY,ATL,-7,14,607,724,5,-21,0,0,77,432
1,27,5,DL,456,JFK,DEN,-5,30,1955,2131,11,-38,0,0,216,1626
1,10,2,DL,2309,ATL,STL,0,11,829,854,4,-3,0,0,85,484
1,26,4,DL,984,ATL,JFK,-1,14,2118,2253,9,-21,0,0,95,760
1,25,3,DL,1350,CHS,ATL,-9,27,1158,1248,8,-4,0,0,50,259
1,5,4,DL,2813,JFK,BOS,-6,25,1949,2030,2,-24,0,0,41,187
1,22,7,DL,847,ATL,DTW,0,13,1408,1530,9,-15,0,0,82,594
1,6,5,DL,34,ANC,SEA,-3,19,616,1013,7,-20,0,0,177,1448
1,22,7,DL,1186,JAX,ATL,2,14,1246,1345,10,7,0,0,59,270
1,4,3,DL,639,DCA,ATL,0,35,745,917,6,7,0,0,92,547
1,5,4,DL,2077,PDX,LAX,33,15,1333,1522,82,84,0,0,109,834
1,10,2,DL,1964,ATL,JAX,-1,10,1642,1723,5,-16,0,0,41,270
1,12,4,DL,1202,ATL,BOS,-2,16,1020,1222,5,-13,0,0,122,946
1,16,1,DL,2158,MSP,PSP,-1,12,1124,1229,9,-27,0,0,185,1454
1,15,7,DL,2553,SAT,ATL,-1,8,1653,1942,5,-19,0,0,109,874
1,8,7,DL,914,SLC,ORD,28,39,1502,1827,10,27,0,0,145,1250
1,19,4,DL,1927,FLL,ATL,-7,13,751,920,7,-14,0,0,89,581
1,10,2,DL,1443,GSO,ATL,-7,19,1424,1519,6,-19,0,0,55,306
1,7,6,DL,1572,TPA,ATL,86,29,1140,1244,31,117,0,0,64,406
1,15,7,DL,458,JFK,PHX,5,14,1844,2141,4,-28,0,0,297,2153
1,30,1,DL,1510,BHM,ATL,-2,31,549,726,7,10,0,0,37,134
1,4,3,DL,1833,MCO,ATL,-2,26,754,904,14,11,0,0,70,404
1,24,2,DL,750,DTW,MCO,-1,14,2008,2209,8,-34,0,0,121,957
1,13,5,DL,851,DCA,ATL,-3,18,1115,1238,7,-19,0,0,83,547
1,24,2,DL,377,ECP,ATL,-5,12,1437,1618,4,-25,0,0,41,240
1,16,1,DL,2153,DFW,MSP,-4,12,1448,1646,5,-17,0,0,118,852
1,23,1,DL,1128,MCO,DTW,-3,14,1918,2132,10,-7,0,0,134,957
1,23,1,DL,2395,SLC,OAK,1,16,1007,1043,7,-11,0,0,96,588
1,12,4,DL,1420,LAS,SEA,4,12,1846,2057,9,-12,0,0,131,867
1,29,7,DL,2584,MSP,MEM,226,11,27,143,5,171,0,0,76,700
1,16,1,DL,1232,LAX,SEA,0,29,1329,1545,4,-1,0,0,136,954
1,13,5,DL,1513,DTW,ATL,2,10,1646,1823,7,-18,0,0,97,594
1,8,7,DL,816,LAS,ATL,41,15,956,1608,4,15,0,0,192,1747
1,20,5,DL,2045,SEA,ANC,-6,18,1532,1736,6,-20,0,0,184,1448
1,12,4,DL,2344,DTW,PBI,16,17,1033,1304,4,-3,0,0,151,1086
1,9,1,DL,204,ATL,BHM,-5,21,2156,2125,6,-4,0,0,29,134
1,8,7,DL,206,MSP,MSY,-3,37,1034,1236,3,-7,0,0,122,1039
1,4,3,DL,2008,ATL,SAT,-5,20,1010,1127,7,-7,0,0,137,874
1,12,4,DL,263,MSP,DCA,-5,14,719,1009,3,-34,0,0,110,931
1,10,2,DL,2471,ATL,AUS,15,22,1508,1602,5,2,0,0,114,813
1,16,1,DL,2586,MSP,TUS,-3,20,1137,1339,5,-9,0,0,182,1298
1,24,2,DL,290,SLC,SEA,-7,12,1706,1747,5,-21,0,0,101,689
1,5,4,DL,1689,DTW,BNA,-6,32,726,740,5,-6,0,0,74,456
1,11,3,DL,1075,HSV,ATL,16,18,1134,1302,9,0,0,0,28,151
1,1,7,DL,1424,MCO,DTW,21,12,1247,1450,6,6,0,0,123,957
1,1,7,DL,2607,ATL,TPA,-3,23,849,947,5,-2,0,0,58,406
1,9,1,DL,54,IAH,ATL,-2,11,1848,2121,10,-13,0,0,93,689
1,5,4,DL,662,TPA,DTW,-5,11,831,1050,6,-7,0,0,139,983
1,26,4,DL,1336,MIA,SLC,3,11,659,949,5,-24,0,0,290,2088
1,2,1,DL,2404,SAN,JFK,1,18,729,1458,11,-25,0,0,269,2446
1,9,1,DL,2483,OKC,ATL,-12,10,1828,2100,5,-31,0,0,92,761
1,9,1,DL,2420,LGA,MSY,350,32,2012,2157,4,327,0,0,165,1183
1,26,4,DL,342,ATL,BNA,0,13,2133,2113,6,-11,0,0,40,214
1,3,2,DL,649,MSP,JFK,3,9,1516,1831,12,-3,0,0,135,1029
1,10,2,DL,1501,MSY,SLC,165,29,1639,1927,6,194,0,0,228,1428
1,27,5,DL,1389,CHS,ATL,12,20,1447,1540,9,13,0,0,53,259
1,1,7,DL,1337,GRR,MSP,-3,10,727,738,3,-21,0,0,71,408
1,16,1,DL,241,PHL,DTW,2,28,745,902,6,-7,0,0,77,453
1,17,2,DL,1336,MIA,SLC,-8,25,702,946,8,-24,0,0,284,2088
1,19,4,DL,2032,MCO,ATL,-4,13,834,936,13,-16,0,0,62,404
1,3,2,DL,1757,ATL,SNA,9,15,1029,1207,4,7,0,0,278,1919
1,27,5,DL,2136,ELP,ATL,40,14,1445,1855,6,7,0,0,130,1282
1,6,5,DL,1665,RSW,MSP,-7,16,1839,2049,4,-20,0,0,190,1416
1,10,2,DL,2670,LGA,BOS,3,16,1118,1200,7,-16,0,0,42,184
1,28,6,DL,2176,BNA,ATL,35,8,1813,1952,11,17,0,0,39,214
1,1,7,DL,46,FLL,JFK,-6,17,1211,1423,5,-28,0,0,132,1069
1,26,4,DL,1177,ATL,CLT,-5,20,1650,1731,7,-11,0,0,41,226
1,9,1,DL,459,JFK,SFO,11,27,848,1223,9,35,0,0,395,2586
1,24,2,DL,2573,MDW,ATL,-5,10,1413,1634,6,-28,0,0,81,591
1,30,1,DL,1442,LAS,LAX,15,10,1125,1204,17,1,0,0,39,236
1,30,1,DL,999,MCI,DTW,-7,10,1405,1634,9,-17,0,0,89,629
1,26,4,DL,2807,FLL,ATL,-4,19,1205,1329,5,-17,0,0,84,581
1,27,5,DL,2622,TPA,MSP,-6,13,807,1014,3,-8,0,0,187,1306
1,27,5,DL,1364,MCI,ATL,0,11,1839,2108,4,-20,0,0,89,692
1,3,2,DL,2822,TPA,ATL,-5,14,1809,1919,12,-7,0,0,70,406
1,31,2,DL,1354,ATL,BNA,3,14,1802,1743,6,-4,0,0,41,214
1,19,4,DL,1704,ATL,MEM,-4,20,2121,2120,3,-6,0,0,59,332
1,6,5,DL,888,ATL,MSP,313,63,136,237,4,335,0,0,121,907
1,22,7,DL,835,ATL,TYS,82,30,1938,2008,7,94,0,0,30,152
1,22,7,DL,1530,ATL,BNA,-1,23,1247,1229,4,4,0,0,42,214
1,15,7,DL,1734,MSP,DTW,0,16,1211,1424,6,-4,0,0,73,528
1,30,1,DL,936,ATL,SFO,-2,15,2129,2310,9,-28,0,0,281,2139
1,11,3,DL,838,ATL,RDU,-5,17,1947,2046,3,-11,0,0,59,356
1,28,6,DL,1223,LAX,CVG,-5,15,1230,1930,3,8,0,0,240,1900
1,2,1,DL,506,SJU,ATL,11,25,1550,1843,22,40,0,0,233,1547
1,21,6,DL,1282,DTW,FLL,-2,14,1215,1501,10,-3,0,0,166,1127
1,31,2,DL,1690,ATL,BDL,-4,16,1427,1613,12,-5,0,0,106,859
1,15,7,DL,1379,BHM,ATL,-5,10,1220,1352,12,-16,0,0,32,134
1,6,5,DL,2032,MCO,ATL,1,17,848,954,5,-10,0,0,66,404
1,4,3,DL,2342,JAX,ATL,-1,12,1426,1510,9,-19,0,0,44,270
1,7,6,DL,983,SLC,LAX,24,28,1557,1627,24,43,0,0,90,590
1,10,2,DL,2020,ATL,HOU,-2,25,2145,2228,7,-13,0,0,103,696
1,5,4,DL,2444,DTW,TPA,-2,54,932,1141,3,12,0,0,129,983
1,11,3,DL,36,LAS,SEA,-2,10,1514,1722,6,-28,0,0,128,867
1,31,2,DL,1190,ATL,CAK,-7,13,904,1025,5,-6,0,0,81,528
1,27,5,DL,2836,ATL,MSP,-2,20,1108,1218,3,-13,0,0,130,907
1,20,5,DL,1365,ATL,PIT,-2,13,1807,1917,6,-20,0,0,70,526
1,24,2,DL,2563,ATL,IAD,-2,15,739,856,3,-8,0,0,77,534
1,5,4,DL,1302,ATL,SDF,-3,10,1042,1135,5,-13,0,0,53,321
1,5,4,DL,201,ATL,MSP,-1,34,913,1030,7,17,0,0,137,907
1,25,3,DL,2647,IAH,ATL,-8,14,706,934,5,-21,0,0,88,689
1,20,5,DL,2374,SEA,ATL,19,13,2327,647,5,18,0,0,260,2182
1,24,2,DL,2248,ATL,ORD,0,19,916,954,4,-5,0,0,98,606
1,8,7,DL,1578,ATL,BHM,11,14,1550,1519,4,4,0,0,29,134
1,28,6,DL,736,MSP,LAX,-4,11,1137,1234,10,-51,0,0,177,1535
1,2,1,DL,542,PHX,DTW,28,11,1607,2102,9,-5,0,0,175,1671
1,23,1,DL,1774,GSO,ATL,-2,38,1927,2023,5,3,0,0,56,306
1,22,7,DL,1708,MCO,DTW,77,16,1801,2001,12,62,0,0,120,957
1,29,7,DL,997,LAS,JFK,9,18,2337,704,3,4,0,0,267,2248
1,2,1,DL,2277,ATL,IAD,31,12,1324,1436,6,19,0,0,72,534
1,17,2,DL,2208,DTW,STL,-1,18,1542,1555,3,-18,0,0,73,440
1,17,2,DL,2198,BWI,DTW,5,11,1325,1441,4,0,0,0,76,409
1,22,7,DL,1442,LAS,LAX,104,36,1320,1428,16,144,0,0,68,236
1,19,4,DL,1329,MSP,DCA,-3,17,2004,2303,3,-27,0,0,119,931
1,3,2,DL,2310,DFW,ATL,-6,12,1121,1359,12,-14,0,0,98,731
1,23,1,DL,2376,ATL,ROC,85,15,1056,1233,3,77,0,0,97,749
1,3,2,DL,2439,ATL,DAB,-4,12,1528,1627,4,-8,0,0,59,366
1,21,6,DL,1705,BHM,ATL,57,11,908,1039,12,46,0,0,31,134
1,31,2,DL,2468,ATL,HOU,21,11,847,928,4,-6,0,0,101,696
1,21,6,DL,2247,ATL,ECP,14,9,1740,1723,2,3,0,0,43,240
1,18,3,DL,1963,DCA,ATL,-5,15,610,739,6,-12,0,0,89,547
1,19,4,DL,806,DCA,DTW,-11,18,1227,1332,6,-22,0,0,65,405
1,24,2,DL,1737,SLC,BOI,-3,16,2228,2311,3,-28,0,0,43,290
1,25,3,DL,788,CLT,ATL,-3,30,1727,1814,7,-11,0,0,47,226
1,9,1,DL,1756,SLC,SFO,33,18,2251,2333,6,18,0,0,102,599
1,2,1,DL,2484,ATL,JAX,22,12,1544,1630,5,15,0,0,46,270
1,10,2,DL,1408,OAK,SLC,-2,17,615,828,21,0,0,0,73,588
1,3,2,DL,2057,MSP,BIS,-1,17,2230,2330,3,-14,0,0,60,386
1,22,7,DL,746,RDU,ATL,173,27,2026,2129,5,164,0,0,63,356
1,28,6,DL,1814,PNS,ATL,-3,25,1622,1805,5,-12,0,0,43,271
1,5,4,DL,2182,MSP,FLL,0,26,741,1142,5,-16,0,0,181,1487
1,11,3,NK,387,CAK,MCO,-12,10,658,852,12,-24,0,0,114,861
1,31,2,NK,358,MCO,PHL,-1,14,823,1026,8,5,0,0,123,861
1,21,6,NK,111,LAS,SAN,-8,11,822,906,5,-13,0,0,44,258
1,2,1,NK,906,DEN,IAH,2,12,1609,1906,7,-3,0,0,117,862
1,4,3,NK,810,MSY,DTW,-13,10,1301,1613,16,-3,0,0,132,926
1,3,2,NK,847,LGA,ORD,-10,26,856,948,37,11,0,0,112,733
1,19,4,NK,957,LAX,OAK,-12,10,1911,2016,9,-5,0,0,65,337
1,10,2,NK,304,MCO,ACY,-7,13,2106,2255,4,-6,0,0,109,852
1,9,1,NK,305,BWI,FLL,110,11,1226,1430,7,90,0,0,124,925
1,26,4,NK,609,BOS,FLL,-4,21,1127,1431,6,-9,0,0,184,1237
1,17,2,NK,468,LAS,MSY,0,11,943,1442,5,4,0,0,179,1500
1,25,3,NK,448,ACY,TPA,21,8,1923,2138,3,11,0,0,135,913
1,29,7,NK,910,MCO,ORD,-3,13,645,809,24,0,0,0,144,1005
1,14,6,NK,396,LAS,PHL,-9,15,1226,1928,12,-16,0,0,242,2176
1,1,7,NK,183,LBE,RSW,-8,9,1332,1549,3,-22,0,0,137,956
1,29,7,NK,345,MSP,PHX,-5,16,1010,1147,9,-32,0,0,157,1276
1,2,1,NK,787,LAS,SAN,51,15,1951,2036,10,46,0,0,45,258
1,20,5,NK,427,MSP,TPA,-10,12,1502,1840,2,-28,0,0,158,1306
1,30,1,NK,1069,CLE,LAS,19,11,1934,2044,6,14,0,0,250,1824
1,28,6,NK,541,ATL,TPA,0,15,1407,1511,10,3,0,0,64,406
1,30,1,NK,761,ORD,MSP,-11,14,903,1012,9,-8,0,0,69,334
1,8,7,NK,217,IAH,LAX,1,14,828,940,7,-6,0,0,192,1379
1,16,1,NK,737,ORD,LAX,-8,40,632,814,10,-2,0,0,222,1744
1,24,2,NK,770,ATL,DTW,-10,20,1700,1837,11,-1,0,0,97,594
1,2,1,NK,369,BWI,ORD,3,12,1845,1940,16,12,0,0,115,622
1,8,7,NK,763,MSP,LAS,-3,12,2015,2125,9,2,0,0,190,1299
1,27,5,NK,930,LAX,DEN,4,14,2058,2355,8,5,0,0,117,862
1,7,6,NK,121,ORD,RSW,80,23,843,1218,4,90,0,0,155,1120
1,2,1,NK,171,LGA,FLL,46,13,1629,1913,8,33,0,0,164,1076
1,11,3,NK,904,DFW,MCO,-6,15,1629,1931,10,-8,0,0,122,985
1,3,2,NK,1068,LAS,CLE,-3,12,921,1540,8,-20,0,0,199,1824
1,25,3,NK,428,TPA,MSP,-8,12,2056,2251,6,-14,0,0,175,1306
1,10,2,NK,563,ORD,SAN,-8,35,1117,1329,11,31,0,0,252,1723
1,19,4,NK,937,BOS,RSW,-8,20,627,924,6,-27,0,0,177,1249
1,9,1,NK,149,EWR,MCO,-1,20,1034,1237,11,-11,0,0,123,937
1,8,7,NK,562,LAS,DEN,41,12,848,1109,7,35,0,0,81,628
1,11,3,NK,739,LAX,SEA,26,12,643,854,9,8,0,0,131,954
1,5,4,NK,303,ACY,MCO,3,7,1745,1950,14,-4,0,0,125,852
1,28,6,NK,847,LGA,ORD,-12,13,841,927,15,-32,0,0,106,733
1,15,7,NK,478,FLL,ORD,-5,14,908,1043,6,-23,0,0,155,1182
1,3,2,NK,250,MCO,MSP,-10,15,1135,1347,10,-6,0,0,192,1310
1,5,4,NK,481,MSP,ATL,-4,11,1121,1424,9,-11,0,0,123,907
1,26,4,NK,416,FLL,IAG,4,10,2304,137,7,0,0,0,153,1176
1,18,3,NK,525,EWR,FLL,-9,24,1540,1801,9,-17,0,0,141,1065
1,14,6,NK,936,RSW,ACY,-12,10,1011,1213,5,-12,0,0,122,982
1,3,2,NK,202,DFW,BWI,3,14,1337,1652,6,-10,0,0,135,1217
1,2,1,NK,342,PHX,MSP,40,10,1557,1924,8,22,0,0,147,1276
1,28,6,NK,612,MSP,ORD,17,15,708,808,20,18,0,0,60,334
1,13,5,NK,188,OAK,LAS,-5,11,606,716,7,1,0,0,70,407
1,20,5,NK,220,RSW,ORD,-18,16,1200,1347,20,1,0,0,167,1120
1,28,6,NK,202,DFW,BWI,6,14,1340,1700,9,1,0,0,140,1217
1,24,2,NK,639,DTW,TPA,-13,16,1028,1239,7,-18,0,0,131,983
1,10,2,NK,424,LAX,MSP,5,17,1017,1512,8,-12,0,0,175,1535
1,31,2,NK,815,BWI,ORD,-5,13,608,701,6,-7,0,0,113,622
1,7,6,NK,713,MCO,IAH,75,13,1501,1613,8,66,0,0,132,854
1,30,1,NK,957,LAX,OAK,15,18,1946,2041,7,18,0,0,55,337
1,27,5,NK,640,LAS,BOS,-12,14,2202,535,8,-9,0,0,273,2381
1,31,2,NK,387,CAK,MCO,-3,27,724,916,8,-4,0,0,112,861
1,31,2,NK,958,RSW,BOS,-21,8,2046,2314,8,-37,0,0,148,1249
1,18,3,NK,565,ATL,MCO,-10,16,1251,1354,9,-9,0,0,63,404
1,15,7,NK,667,BWI,DFW,-6,8,1002,1200,9,-19,0,0,178,1217
1,28,6,NK,525,EWR,FLL,-11,11,1525,1800,4,-23,0,0,155,1065
1,2,1,NK,939,DEN,PHX,35,11,1317,1456,7,41,0,0,99,602
1,20,5,NK,282,RSW,CAK,-4,7,1018,1234,4,-11,0,0,136,991
1,16,1,NK,478,DEN,LAX,38,12,1549,1640,9,24,0,0,111,862
1,12,4,NK,403,LAX,ATL,10,18,958,1628,14,-2,0,0,210,1946
1,10,2,NK,910,MCO,ORD,-4,11,642,809,10,-14,0,0,147,1005
1,25,3,NK,779,LGA,FLL,2,36,2107,2341,7,11,0,0,154,1076
1,25,3,NK,240,FLL,BWI,-4,13,2044,2241,7,-12,0,0,117,925
1,25,3,NK,163,DFW,ATL,-1,11,700,927,6,-20,0,0,87,731
1,31,2,NK,650,TPA,DTW,-8,13,705,928,14,8,0,0,143,983
1,28,6,NK,267,PHL,LAX,-6,13,616,829,8,-33,0,0,313,2402
1,14,6,NK,763,ORD,MSP,-8,11,1731,1833,5,-21,0,0,62,334
1,23,1,NK,938,RSW,ACY,52,16,2153,8,8,74,0,0,135,982
1,2,1,NK,947,DEN,LAX,-5,29,739,902,12,30,0,0,143,862
1,26,4,NK,192,OAK,LAS,6,10,1125,1231,5,4,0,0,66,407
1,10,2,NK,253,LAX,SEA,-4,12,1753,2003,8,-23,0,0,130,954
1,28,6,NK,403,LAX,ATL,-2,10,938,1630,8,-6,0,0,232,1946
1,4,3,NK,350,MYR,ACY,38,8,2209,2305,5,30,0,0,56,466
1,15,7,NK,424,LAX,MSP,19,11,1025,1529,9,6,0,0,184,1535
1,24,2,NK,610,FLL,BOS,-3,16,718,1015,9,14,0,0,177,1237
1,5,4,NK,734,DFW,DTW,0,12,2042,2345,7,-7,0,0,123,986
1,18,3,NK,693,BWI,LAS,-3,24,906,1051,6,-7,0,0,285,2106
1,6,5,NK,517,CAK,FLL,-8,9,1046,1310,6,-18,0,0,144,1026
1,24,2,NK,214,LAS,DFW,-11,9,57,449,8,-26,0,0,112,1055
1,29,7,NK,124,RSW,ORD,-7,12,1709,1846,20,-1,0,0,157,1120
1,2,1,NK,450,FLL,PBG,0,21,2229,111,7,7,0,0,162,1334
1,19,4,NK,331,LGA,ORD,38,13,2250,2346,8,28,0,0,116,733
1,27,5,NK,729,ORD,TPA,-4,28,1057,1404,5,-3,0,0,127,1012
1,12,4,NK,195,MCI,MCO,61,7,1650,2005,7,52,0,0,135,1072
1,3,2,NK,631,DTW,TPA,96,10,1907,2113,5,76,0,0,126,983
1,10,2,NK,770,MCO,ATL,69,16,1548,1652,13,65,0,0,64,404
1,25,3,NK,913,MCI,LAS,-7,11,624,705,6,-7,0,0,161,1139
1,16,1,NK,510,OAK,LAX,-10,10,2115,2209,25,-3,0,0,54,337
1,6,5,NK,374,BQN,FLL,16,12,445,559,6,11,0,0,134,982
1,10,2,NK,469,FLL,DFW,-1,11,755,931,11,-17,0,0,156,1119
1,5,4,NK,525,EWR,FLL,3,28,1556,1824,9,6,0,0,148,1065
1,9,1,NK,253,LAX,SEA,46,12,1843,2118,12,56,0,0,155,954
1,21,6,NK,565,DTW,ATL,0,13,1001,1203,8,16,0,0,122,594
1,4,3,NK,899,DTW,MCO,-2,34,1655,1905,11,7,0,0,130,957
1,17,2,NK,212,STT,FLL,-4,16,1729,1906,40,30,0,0,157,1107
1,29,7,NK,313,DTW,DFW,1,41,2122,2233,9,-1,0,0,131,986
1,15,7,NK,596,FLL,MSP,43,13,2253,105,5,30,0,0,192,1487
1,10,2,NK,252,MCO,ATL,7,24,731,838,13,13,0,0,67,404
1,9,1,NK,475,LGA,DTW,-6,14,1000,1128,6,-18,0,0,88,502
1,25,3,NK,311,ACY,MCO,-5,12,607,808,12,-16,0,0,121,852
1,15,7,NK,817,DFW,LAS,-7,22,1815,1851,6,1,0,0,156,1055
1,27,5,NK,511,DTW,LAS,-7,11,1043,1132,15,-18,0,0,229,1749
1,28,6,NK,199,IAH,LAS,53,14,2017,2055,7,35,0,0,158,1222
1,20,5,NK,736,LAX,ORD,-11,11,1757,2316,11,-31,0,0,199,1744
1,6,5,NK,313,DTW,DFW,0,11,2051,2220,10,-13,0,0,149,986
1,14,6,NK,742,DFW,MSP,16,14,705,848,8,-2,0,0,103,852
1,15,7,NK,563,ORD,SAN,-9,12,1053,1248,4,-17,0,0,235,1723
1,2,1,NK,563,ORD,SAN,0,13,1103,1312,3,6,0,0,249,1723
1,31,2,NK,379,ACY,MYR,-10,10,715,829,5,-15,0,0,74,466
1,21,6,NK,781,DTW,BWI,-8,20,902,1010,6,-1,0,0,68,409
1,27,5,NK,600,ATL,PHL,-9,16,1957,2124,6,-13,0,0,87,666
1,26,4,NK,683,DTW,RSW,-9,9,1253,1516,5,-29,0,0,143,1084
1,9,1,NK,810,MSY,DTW,94,9,1447,1750,10,88,0,0,123,926
1,13,5,NK,126,MYR,BOS,115,10,38,213,8,116,0,0,95,738
1,12,4,NK,992,MSY,ORD,165,10,1943,2138,7,149,0,0,115,837
1,21,6,NK,643,DTW,TPA,-9,10,801,1023,4,-14,0,0,142,983
1,29,7,NK,777,FLL,LAS,12,9,2051,2249,15,5,0,0,298,2173
1,24,2,NK,469,DFW,LAS,-8,28,1110,1146,5,5,0,0,156,1055
1,10,2,NK,565,ATL,MCO,-6,9,1248,1347,7,-18,0,0,59,404
1,18,3,NK,816,LAS,MCI,-10,14,54,523,5,3,0,0,149,1139
1,26,4,NK,641,BOS,LAS,11,33,1835,2038,5,-16,0,0,303,2381
1,31,2,NK,788,LAS,DTW,-10,15,2320,531,13,-21,0,0,191,1749
1,28,6,NK,957,LAX,OAK,-11,9,1911,2006,7,-17,0,0,55,337
1,30,1,NK,616,FLL,BOS,48,10,1636,1919,6,28,0,0,163,1237
1,17,2,NK,676,FLL,MCO,-1,10,2206,2240,10,-4,0,0,34,177
1,2,1,NK,845,DTW,FLL,-4,15,1850,2128,7,-8,0,0,158,1127
1,12,4,NK,894,SJU,MCO,-9,10,2045,2216,10,-25,0,0,151,1189
1,11,3,NK,718,DFW,LGA,-1,21,919,1319,6,11,0,0,180,1389
1,18,3,NK,936,RSW,ACY,-15,10,1008,1216,7,-7,0,0,128,982
1,12,4,NK,201,FLL,STT,-5,9,1258,1606,6,-15,0,0,128,1107
1,17,2,NK,667,BWI,DFW,-6,13,1007,1212,9,-7,0,0,185,1217
1,30,1,NK,316,DTW,LGA,-2,38,636,748,6,13,0,0,72,502
1,16,1,NK,844,FLL,DTW,-2,18,806,1047,16,17,0,0,161,1127
1,27,5,NK,612,LAS,MSP,-8,11,43,530,5,-4,0,0,167,1299
1,28,6,NK,815,ORD,MSY,-13,13,759,957,7,-18,0,0,118,837
1,14,6,NK,763,MSP,LAS,-9,13,1948,2051,5,-14,0,0,183,1299
1,26,4,NK,478,FLL,ORD,-9,11,901,1038,29,-5,0,0,157,1182
1,23,1,NK,785,MCI,LAX,21,10,1931,2101,8,39,0,0,210,1363
1,2,1,NK,202,DFW,BWI,43,10,1413,1736,5,33,0,0,143,1217
1,13,5,NK,215,PHL,DFW,-8,14,1136,1349,14,-13,0,0,193,1303
1,16,1,NK,260,LAS,PDX,-1,10,1305,1458,4,-14,0,0,113,763
1,11,3,NK,409,ORD,FLL,-2,11,524,857,23,6,0,0,153,1182
1,15,7,NK,201,FLL,STT,-12,10,1252,1601,4,-22,0,0,129,1107
1,13,5,NK,163,DFW,ATL,-5,12,657,933,12,-8,0,0,96,731
1,26,4,NK,913,MCI,LAS,6,10,636,718,6,6,0,0,162,1139
1,29,7,NK,368,ORD,BWI,-7,35,843,1107,6,7,0,0,84,622
1,16,1,NK,425,LAX,DEN,45,32,1043,1351,18,84,0,0,128,862
1,16,1,NK,214,LAS,DFW,-10,14,103,507,22,6,0,0,124,1055
1,3,2,NK,363,ATL,IAH,-7,10,703,752,6,-14,0,0,109,689
1,28,6,NK,306,MCO,PBG,-3,12,1511,1732,6,-19,0,0,141,1199
1,20,5,NK,705,LGA,FLL,-12,11,629,859,7,-26,0,0,150,1076
1,31,2,NK,268,FLL,ACY,91,13,2224,26,6,89,0,0,122,977
1,30,1,NK,368,ORD,BWI,-8,10,817,1042,7,-17,0,0,85,622
1,1,7,NK,605,DTW,RSW,8,11,654,919,6,-4,0,0,145,1084
1,3,2,NK,386,MCO,CAK,-4,19,2055,2258,5,2,0,0,123,861
1,29,7,NK,348,TPA,ACY,-4,11,1431,1610,5,-24,0,0,99,913
1,14,6,NK,316,DTW,LGA,-4,13,609,713,7,-21,0,0,64,502
1,2,1,NK,719,DEN,LAS,104,11,2022,2106,5,113,0,0,104,628
1,22,7,NK,198,FLL,MCO,-4,14,824,903,6,-4,0,0,39,177
1,15,7,NK,955,MSY,LAX,-11,15,1814,2006,9,-16,0,0,232,1670
1,22,7,NK,878,MCO,LBE,123,14,2216,2350,6,101,0,0,94,823
1,25,3,NK,469,FLL,DFW,-8,22,759,942,12,-5,0,0,163,1119
1,23,1,NK,762,ATL,ORD,-2,23,1421,1454,8,-1,0,0,93,606
1,23,1,NK,251,ATL,MCO,-8,8,2050,2141,7,-30,0,0,51,404
1,20,5,NK,111,DTW,LAS,-5,16,611,708,6,-13,0,0,237,1749
1,20,5,NK,678,RSW,DTW,-11,10,1639,1907,7,-16,0,0,148,1084
1,28,6,NK,565,ATL,MCO,-6,14,1253,1357,7,-8,0,0,64,404
1,4,3,NK,469,FLL,DFW,-4,11,752,939,10,-10,0,0,167,1119
1,26,4,NK,425,ORD,FLL,2,12,1829,2158,8,-11,0,0,149,1182
1,26,4,NK,188,LAS,DTW,-12,10,810,1442,11,-14,0,0,212,1749
1,9,1,NK,650,TPA,DTW,-10,12,702,937,8,11,0,0,155,983
1,18,3,NK,570,FLL,TPA,-7,9,821,857,7,-14,0,0,36,197
1,26,4,NK,240,FLL,BWI,2,13,2050,2250,6,-4,0,0,120,925
1,2,1,NK,478,ORD,DEN,-5,29,1239,1359,8,8,0,0,140,888
1,22,7,NK,224,ORD,LGA,-13,11,543,825,15,-20,0,0,102,733
1,10,2,NK,414,FLL,BWI,6,14,1622,1819,5,-5,0,0,117,925
1,23,1,NK,425,LAX,DEN,34,17,1017,1252,7,14,0,0,95,862
1,4,3,NK,636,TPA,DTW,-12,9,1722,1942,6,-13,0,0,140,983
1,29,7,NK,292,SEA,LAS,-13,10,1434,1631,7,-21,0,0,117,867
1,2,1,NK,711,DTW,LAS,65,24,2111,2235,6,92,0,0,264,1749
1,16,1,NK,541,ATL,TPA,-6,14,1400,1500,7,-11,0,0,60,406
1,12,4,NK,342,PHX,MSP,-2,16,1521,1844,6,-20,0,0,143,1276
1,7,6,NK,292,SEA,LAS,5,11,1453,1651,6,-2,0,0,118,867
1,11,3,NK,256,RSW,BOS,-7,12,1047,1332,9,-2,0,0,165,1249
1,1,7,NK,195,MCO,FLL,-11,11,2010,2044,8,-22,0,0,34,177
1,24,2,NK,631,DTW,TPA,-9,13,1725,1931,8,-23,0,0,126,983
1,28,6,NK,345,MSP,PHX,-3,31,1027,1202,8,-18,0,0,155,1276
1,7,6,NK,720,DEN,DFW,-2,10,2055,2312,7,-20,0,0,77,641
1,16,1,NK,719,LAS,LAX,-5,27,2030,2111,22,7,0,0,41,236
1,5,4,NK,958,RSW,BOS,-6,11,2104,2339,9,-11,0,0,155,1249
1,18,3,NK,504,LAX,MSY,-6,16,1150,1700,3,-15,0,0,190,1670
1,26,4,NK,230,FLL,ATL,180,10,40,204,6,172,0,0,84,581
1,14,6,NK,640,LAS,BOS,-8,13,2205,528,8,-16,0,0,263,2381
1,24,2,NK,259,ACY,FLL,-9,11,702,908,6,-32,0,0,126,977
1,27,5,NK,259,ACY,FLL,-7,9,702,925,6,-15,0,0,143,977
1,30,1,NK,1028,BWI,BOS,-12,8,716,812,5,-35,0,0,56,369
1,17,2,NK,853,ORD,DEN,-24,15,2156,2251,15,-42,0,0,115,888
1,31,2,NK,202,BWI,BOS,137,16,2026,2122,9,123,0,0,56,369
1,13,5,NK,216,LAX,IAH,-8,15,854,1343,9,-8,0,0,169,1379
1,16,1,NK,448,ACY,TPA,65,10,2009,2215,8,53,0,0,126,913
1,12,4,NK,557,BWI,ATL,-4,10,1116,1246,6,-18,0,0,90,577
1,8,7,NK,657,MSY,IAH,13,12,931,1028,11,15,0,0,57,305
1,15,7,NK,251,ATL,MCO,-9,9,2050,2151,5,-22,0,0,61,404
1,29,7,NK,311,ACY,MCO,-4,11,607,833,12,9,0,0,146,852
1,12,4,NK,506,OAK,LAX,118,16,1729,1828,7,125,0,0,59,337
1,23,1,NK,606,RSW,DTW,-7,12,705,923,20,-5,0,0,138,1084
1,27,5,NK,404,FLL,ATL,-2,11,904,1035,8,-7,0,0,91,581
1,11,3,NK,643,DTW,TPA,-3,11,808,1017,6,-18,0,0,129,983
1,20,5,NK,517,CAK,FLL,-10,9,1044,1259,8,-27,0,0,135,1026
1,27,5,NK,939,IAH,DEN,-1,16,1023,1132,10,1,0,0,129,862
1,7,6,NK,1069,LAS,SEA,78,13,2252,55,7,63,0,0,123,867
1,21,6,NK,972,PHX,DFW,-10,11,206,447,9,-16,0,0,101,868
1,9,1,NK,541,ATL,TPA,-2,19,1409,1512,10,4,0,0,63,406
1,17,2,NK,193,LAS,SEA,31,13,1152,1357,11,16,0,0,125,867
1,2,1,NK,524,FLL,EWR,-3,12,1140,1409,7,1,0,0,149,1065
1,7,6,NK,607,LAS,OAK,11,17,923,1035,4,17,0,0,72,407
1,14,6,NK,475,LGA,DTW,-9,15,958,1130,6,-16,0,0,92,502
1,1,7,NK,185,CLE,LAX,44,12,1754,1936,9,40,0,0,282,2052
1,10,2,NK,178,TPA,CLE,28,18,1644,1851,10,40,0,0,127,927
1,31,2,NK,475,LGA,DTW,-4,15,1003,1130,12,-10,0,0,87,502
1,14,6,NK,600,FLL,ATL,-3,13,1717,1837,12,-15,0,0,80,581
1,5,4,NK,713,MCO,IAH,0,15,1348,1500,8,-7,0,0,132,854
1,12,4,NK,801,MCO,SJU,15,16,1331,1652,4,15,0,0,141,1189
1,20,5,NK,523,EWR,FLL,-13,10,1222,1445,9,-33,0,0,143,1065
1,8,7,NK,877,PHL,ATL,268,16,1144,1318,6,239,0,0,94,666
1,22,7,NK,939,DEN,PHX,-10,1,1222,1406,8,-8,0,0,104,602
1,10,2,NK,706,DTW,LAX,18,16,2054,2251,18,46,0,0,297,1979
1,31,2,NK,972,DFW,FLL,-2,12,610,931,7,0,0,0,141,1119
1,17,2,NK,260,LAS,PDX,-4,17,1309,1506,5,-5,0,0,117,763
1,16,1,NK,452,ATL,MSP,-14,13,1408,1518,4,-20,0,0,130,907
1,11,3,NK,419,CLE,FLL,-4,9,1206,1430,6,-26,0,0,144,1062
1,14,6,NK,834,TPA,BWI,6,10,1014,1206,4,3,0,0,112,842
1,14,6,NK,711,LAS,OAK,131,12,22,123,5,122,0,0,61,407
1,16,1,NK,636,TPA,DTW,-2,10,1733,1942,22,3,0,0,129,983
1,17,2,NK,432,MCO,BOS,-7,11,1207,1429,6,-18,0,0,142,1121
1,21,6,NK,902,DFW,MCO,-8,12,744,1049,6,-18,0,0,125,985
1,6,5,NK,410,FLL,BWI,2,24,726,924,11,10,0,0,118,925
1,24,2,NK,565,ATL,MCO,-9,12,1248,1349,13,-10,0,0,61,404
1,12,4,NK,159,EWR,MCO,18,18,1856,2107,14,17,0,0,131,937
1,15,7,NK,614,MSP,ORD,-4,14,1637,1728,13,-17,0,0,51,334
1,8,7,NK,220,RSW,ORD,-6,8,1204,1349,7,-10,0,0,165,1120
1,1,7,NK,252,MCO,ATL,-1,40,739,922,8,52,0,0,103,404
1,16,1,NK,522,FLL,EWR,26,11,655,921,11,32,0,0,146,1065
1,30,1,NK,562,LAX,LAS,-5,11,606,656,5,-4,0,0,50,236
1,8,7,NK,111,DTW,LAS,-3,10,703,842,6,25,0,0,279,1749
1,30,1,NK,141,BWI,LAX,-3,11,923,1138,5,-17,0,0,315,2329
1,17,2,NK,198,FLL,MCO,-3,12,823,857,11,-5,0,0,34,177
1,8,7,NK,303,ACY,MCO,5,9,1749,1950,12,-6,0,0,121,852
1,9,1,NK,169,MSP,LAS,-9,35,741,904,6,28,0,0,203,1299
1,26,4,NK,368,BWI,RSW,-14,8,1150,1419,5,-6,0,0,149,919
1,23,1,NK,541,ATL,TPA,2,12,1406,1505,8,-5,0,0,59,406
1,7,6,NK,193,IAH,LAS,-1,20,921,1017,5,4,0,0,176,1222
1,9,1,NK,817,DFW,LAS,-6,18,1812,1856,4,4,0,0,164,1055
1,16,1,NK,569,DTW,ATL,-3,9,2111,2246,10,-14,0,0,95,594
1,26,4,NK,132,LAX,LAS,29,10,2039,2121,7,25,0,0,42,236
1,22,7,NK,680,IAH,MSY,39,15,1850,1937,4,38,0,0,47,305
1,27,5,NK,151,ACY,PBI,-8,10,1322,1540,6,-11,0,0,138,936
1,14,6,NK,218,FLL,ACY,0,9,749,953,4,-9,0,0,124,977
1,26,4,NK,788,LAS,DTW,-11,12,2316,541,10,-14,0,0,205,1749
1,28,6,NK,218,FLL,ACY,-6,12,746,952,5,-9,0,0,126,977
1,29,7,NK,443,BWI,FLL,9,9,1937,2155,6,3,0,0,138,925
1,12,4,NK,396,LAS,PHL,11,12,1243,1947,3,-6,0,0,244,2176
1,2,1,NK,174,FLL,LGA,35,16,1725,1956,5,32,0,0,151,1076
1,13,5,NK,810,MSY,DTW,-13,12,1303,1604,8,-20,0,0,121,926
1,9,1,NK,502,OAK,LAX,73,23,1051,1151,6,85,0,0,60,337
1,10,2,NK,313,DTW,DFW,25,12,2117,2246,5,8,0,0,149,986
1,6,5,NK,470,LAS,DFW,3,12,1209,1613,14,-7,0,0,124,1055
1,26,4,NK,319,MSP,RSW,-7,15,957,1356,4,-15,0,0,179,1416
1,6,5,NK,331,LGA,ORD,-11,15,2203,2302,7,-17,0,0,119,733
1,10,2,NK,937,BOS,RSW,-13,16,618,914,6,-37,0,0,176,1249
1,5,4,NK,639,DTW,TPA,-4,43,1104,1317,5,18,0,0,133,983
1,29,7,NK,506,OAK,LAX,-9,8,1514,1609,10,-11,0,0,55,337
1,6,5,NK,972,PHX,DFW,20,12,237,506,6,0,0,0,89,868
1,18,3,NK,267,PHL,LAX,-7,16,618,824,10,-36,0,0,306,2402
1,27,5,NK,574,FLL,TPA,20,11,2211,2249,6,15,0,0,38,197
1,18,3,NK,667,BOS,BWI,-8,13,735,839,8,-25,0,0,64,369
1,19,4,NK,423,BOS,MCO,-11,16,1548,1828,11,-23,0,0,160,1121
1,30,1,NK,675,MCO,FLL,-5,17,712,746,7,-11,0,0,34,177
1,16,1,NK,667,BOS,BWI,-10,11,731,838,13,-21,0,0,67,369
1,16,1,NK,693,BWI,LAS,-2,14,857,1037,8,-19,0,0,280,2106
1,3,2,NK,960,RSW,CLE,15,15,1900,2123,9,26,0,0,143,1025
1,31,2,UA,1762,PHL,SFO,-7,15,1813,2119,5,-12,0,0,366,2521
1,29,7,UA,1297,IAH,SJU,-4,22,1033,1617,4,-9,0,0,224,2007
1,8,7,UA,516,SFO,IAD,15,66,1041,1757,14,45,0,0,256,2419
1,1,7,UA,1696,SEA,IAH,13,13,2251,432,4,0,0,0,221,1874
1,13,5,UA,1274,MSP,DEN,1,12,903,953,12,-8,0,0,110,680
1,3,2,UA,1954,DCA,IAH,-1,11,1750,1956,5,-24,0,0,186,1208
1,3,2,UA,596,DSM,DEN,21,14,950,1038,8,22,0,0,108,589
1,25,3,UA,1434,LGA,IAH,-8,10,557,831,5,-31,0,0,214,1416
1,18,3,UA,942,MSY,IAH,-8,10,1917,2011,6,-20,0,0,54,305
1,25,3,UA,912,RSW,EWR,-8,10,737,951,6,-23,0,0,134,1068
1,16,1,UA,569,PDX,SFO,8,10,1347,1507,6,-8,0,0,80,550
1,1,7,UA,1462,DEN,MIA,5,18,1803,2329,4,5,0,0,206,1709
1,18,3,UA,1084,CVG,ORD,-6,12,1749,1736,3,-36,0,0,47,264
1,11,3,UA,737,DEN,SFO,0,11,1801,1928,9,4,0,0,147,967
1,13,5,UA,483,ORD,PHX,6,23,2009,2233,6,7,0,0,204,1440
1,23,1,UA,1798,SLC,SFO,17,71,1518,1552,4,59,0,0,94,599
1,13,5,UA,665,IAH,EWR,34,14,1408,1753,8,11,0,0,165,1400
1,8,7,UA,1417,ORD,FLL,-5,18,743,1102,82,45,0,0,139,1182
1,6,5,UA,1220,IAH,SMF,109,19,2333,127,8,110,0,0,234,1609
1,5,4,UA,351,SFO,SEA,72,14,31,207,4,57,0,0,96,679
1,18,3,UA,936,IAH,EWR,26,14,1240,1633,13,16,0,0,173,1400
1,30,1,UA,1183,EWR,LAX,23,19,1741,2018,8,5,0,0,337,2454
1,20,5,UA,1867,SEA,IAH,-1,18,1222,1818,13,7,0,0,236,1874
1,18,3,UA,1778,ORD,SRQ,-11,14,758,1107,3,-29,0,0,129,1050
1,1,7,UA,362,IAH,EWR,-6,11,605,941,6,-35,0,0,156,1400
1,9,1,UA,719,LAX,LAS,16,15,2312,2356,10,11,0,0,44,236
1,3,2,UA,1041,PHL,SFO,9,12,621,926,8,11,0,0,365,2521
1,6,5,UA,549,PHL,ORD,18,15,1023,1117,4,7,0,0,114,678
1,16,1,UA,488,LAX,EWR,-4,11,2204,541,8,-17,0,0,277,2454
1,2,1,UA,528,MEM,DEN,28,9,1534,1638,6,0,0,0,124,872
1,16,1,UA,1754,RSW,ORD,-6,9,1253,1435,26,3,0,0,162,1120
1,26,4,UA,643,KOA,SFO,-2,9,1422,2115,6,-2,0,0,293,2367
1,26,4,UA,640,LAS,ORD,-5,12,1422,1922,15,-15,0,0,180,1514
1,8,7,UA,1848,SFO,MSY,-2,13,1056,1629,4,-23,0,0,213,1911
1,12,4,UA,1603,ORD,PHX,4,17,1726,1956,10,7,0,0,210,1440
1,13,5,UA,2025,ATL,IAH,-2,15,1853,1935,11,-22,0,0,102,689
1,27,5,UA,632,ORD,IAD,-1,15,909,1125,4,-13,0,0,76,588
1,25,3,UA,725,MCO,ORD,-8,15,557,733,36,18,0,0,156,1005
1,24,2,UA,897,BNA,EWR,-1,17,616,853,5,-14,0,0,97,748
1,27,5,UA,554,OKC,DEN,-3,10,932,947,13,-23,0,0,75,495
1,6,5,UA,1163,SMF,IAH,94,10,220,659,29,72,0,0,159,1609
1,31,2,UA,759,MCO,SFO,-6,13,707,915,10,-33,0,0,308,2446
1,8,7,UA,632,IAD,LAX,1,45,1316,1528,7,11,0,0,312,2288
1,30,1,UA,329,DEN,MTJ,-8,16,1133,1209,4,-16,0,0,36,196
1,25,3,UA,634,LAS,IAH,-5,13,122,544,3,-16,0,0,142,1222
1,18,3,UA,508,EWR,IAH,-2,21,749,1031,8,6,0,0,222,1400
1,13,5,UA,432,ORD,MCO,-2,19,1457,1808,8,-8,0,0,131,1005
1,8,7,UA,1697,LGA,ORD,-1,22,1221,1311,9,-24,0,0,110,733
1,19,4,UA,1973,IAH,SFO,16,21,1512,1655,3,-2,0,0,223,1635
1,18,3,UA,252,HNL,IAH,22,15,2027,718,6,5,0,0,411,3904
1,21,6,UA,1179,LAS,IAH,1,15,1546,2002,9,-17,0,0,136,1222
1,10,2,UA,557,IAH,EWR,-6,13,1102,1451,10,-12,0,0,169,1400
1,2,1,UA,1213,SFO,SNA,77,15,2112,2210,4,61,0,0,58,372
1,18,3,UA,1976,PHX,EWR,-10,11,2336,529,6,-25,0,0,233,2133
1,25,3,UA,1899,DEN,MKE,-1,16,1745,2038,17,-1,0,0,113,896
1,31,2,UA,457,SAN,DEN,-7,14,816,1114,19,-7,0,0,118,853
1,16,1,UA,582,ORD,MSY,-2,23,2056,2253,3,-8,0,0,117,837
1,20,5,UA,1779,IAH,SEA,263,13,1421,1610,5,215,0,0,229,1874
1,8,7,UA,1928,BOS,EWR,89,14,956,1036,14,67,0,0,40,200
1,8,7,UA,688,ORD,CMH,-2,15,1458,1647,9,-7,0,0,49,296
1,6,5,UA,2013,SFO,SAN,4,16,851,956,2,-7,0,0,65,447
1,15,7,UA,1922,MCO,EWR,1,14,1240,1442,9,-13,0,0,122,937
1,28,6,UA,727,SFO,IAD,-5,16,1301,2041,5,-11,0,0,280,2419
1,26,4,UA,1708,MCI,IAH,-9,14,605,743,4,-23,0,0,98,643
1,31,2,UA,1297,IAH,SJU,-5,17,1028,1612,10,-9,0,0,224,2007
1,21,6,UA,482,JAC,EWR,-6,14,1323,1903,12,-10,0,0,220,1874
1,16,1,UA,529,SNA,SFO,-11,13,1902,2005,3,-22,0,0,63,372
1,16,1,UA,1055,IAD,ATL,-1,12,1241,1400,26,-2,0,0,79,534
1,7,6,UA,698,ORD,LGA,756,18,944,1214,4,739,0,0,90,733
1,18,3,UA,259,GRR,ORD,-5,13,1756,1732,24,-3,0,0,36,137
1,29,7,UA,1750,SMF,ORD,-5,11,711,1247,10,-5,0,0,216,1781
1,10,2,UA,346,EWR,FLL,9,28,1118,1343,5,-7,0,0,145,1065
1,24,2,UA,1879,SAN,IAH,-7,19,1502,1933,10,-19,0,0,151,1303
1,20,5,UA,1141,DEN,PHX,0,12,1542,1714,6,-9,0,0,92,602
1,5,4,UA,296,DEN,RNO,37,11,2006,2103,4,25,0,0,117,804
1,26,4,UA,245,ORD,DEN,-1,21,915,1019,9,-11,0,0,124,888
1,23,1,UA,589,IAH,IAD,-1,22,1316,1645,6,2,0,0,149,1190
1,3,2,UA,1741,EWR,ORD,0,22,652,743,13,-8,0,0,111,719
1,28,6,UA,417,LAX,OGG,-7,13,831,1201,4,-23,0,0,330,2486
1,6,5,UA,506,LAX,ORD,2,20,652,1216,16,-2,0,0,204,1744
1,3,2,UA,2049,DEN,IAH,-3,12,1609,1849,26,-9,0,0,100,862
1,24,2,UA,1852,ONT,DEN,55,13,646,941,8,45,0,0,115,819
1,2,1,UA,822,IAD,BOS,-1,21,1725,1827,16,8,0,0,62,413
1,12,4,UA,1887,DEN,BDL,86,12,1703,2153,5,59,0,0,170,1671
1,11,3,UA,299,IAD,TPA,-6,11,1240,1431,7,-27,0,0,111,811
1,7,6,UA,1612,TPA,EWR,-5,9,606,802,14,-25,0,0,116,997
1,25,3,UA,712,IAD,SFO,-6,10,2025,2245,9,-34,0,0,320,2419
1,21,6,UA,1564,LAS,ORD,-4,11,1227,1719,17,-14,0,0,172,1514
1,31,2,UA,1922,MCO,EWR,61,10,1300,1457,6,33,0,0,117,937
1,29,7,UA,635,ORD,SEA,-1,26,940,1155,9,9,0,0,255,1721
1,7,6,UA,1649,FLL,ORD,97,10,1032,1201,4,57,0,0,149,1182
1,26,4,UA,1089,IAH,PHL,-8,10,1708,2033,4,-41,0,0,145,1325
1,3,2,UA,1586,ORD,MCO,0,19,810,1117,4,-14,0,0,127,1005
1,24,2,UA,1790,FLL,ORD,2,19,2006,2151,8,0,0,0,165,1182
1,19,4,UA,209,MIA,IAH,126,21,947,1144,5,150,0,0,177,964
1,31,2,UA,1642,IAH,LAS,-2,18,731,814,8,-23,0,0,163,1222
1,11,3,UA,936,IAH,EWR,0,14,1214,1608,7,-15,0,0,174,1400
1,7,6,UA,652,DEN,IAD,4,13,1607,2046,10,-5,0,0,159,1452
1,15,7,UA,555,SAN,ORD,-3,20,1000,1523,11,-14,0,0,203,1723
1,9,1,UA,936,IAH,EWR,6,11,1222,1617,12,-6,0,0,175,1400
1,6,5,UA,1411,BWI,IAH,3,12,1800,2023,5,4,0,0,203,1235
1,25,3,UA,360,IAD,TPA,-7,12,1755,1958,5,-17,0,0,123,811
1,24,2,UA,214,DEN,MCO,-5,13,1533,2022,6,-28,0,0,169,1546
1,6,5,UA,414,LAX,SFO,-1,18,617,715,13,-2,0,0,58,337
1,25,3,UA,899,ORD,LAS,-3,20,932,1101,8,-9,0,0,209,1514
1,17,2,UA,1493,EWR,LAX,-3,28,1525,1738,7,-30,0,0,313,2454
1,8,7,UA,1264,ORD,ALB,-4,19,1935,2204,4,-10,0,0,89,723
1,18,3,UA,405,LGA,DEN,1,38,1239,1407,7,-25,0,0,208,1620
1,10,2,UA,1538,EWR,PBI,-6,13,1442,1700,2,-39,0,0,138,1023
1,25,3,UA,1874,DEN,IAH,0,16,1526,1811,16,-4,0,0,105,862
1,3,2,UA,1241,EWR,LAX,1,28,954,1244,9,3,0,0,350,2454
1,5,4,UA,1104,ANC,DEN,1,12,2358,627,7,-21,0,0,269,2405
1,9,1,UA,796,IAD,LAS,-6,10,840,1033,5,-20,0,0,293,2065
1,17,2,UA,1870,IAH,SAN,3,12,1450,1553,3,-11,0,0,183,1303
1,23,1,UA,1900,SAN,ORD,-2,12,1345,1847,18,-36,0,0,182,1723
1,30,1,UA,1216,BZN,DEN,-13,13,1440,1546,9,-24,0,0,66,524
1,5,4,UA,267,SFO,PHL,49,26,1210,1935,7,26,0,0,265,2521
1,9,1,UA,648,DEN,PIT,-7,11,1017,1441,4,-25,0,0,144,1290
1,3,2,UA,1638,IAH,SNA,12,17,934,1052,5,12,0,0,198,1346
1,29,7,UA,1953,PDX,IAH,-5,8,1236,1807,12,-15,0,0,211,1825
1,10,2,UA,1797,IAH,PHX,17,16,1448,1613,8,6,0,0,145,1009
1,30,1,UA,1230,MCO,IAH,-8,12,1504,1614,4,-22,0,0,130,854
1,20,5,UA,670,ORD,BOS,-6,17,2111,2358,4,-12,0,0,107,867
1,6,5,UA,1175,SFO,HNL,174,23,1157,1524,4,186,0,0,327,2398
1,23,1,UA,1923,SNA,EWR,164,9,958,1715,14,127,0,0,257,2434
1,17,2,UA,407,DEN,SEA,11,12,1920,2056,6,3,0,0,156,1024
1,2,1,UA,525,SFO,LAX,102,14,1956,2049,16,94,0,0,53,337
1,3,2,UA,1479,SAN,SFO,20,25,1642,1758,6,30,0,0,76,447
1,13,5,UA,1867,IAH,EWR,19,13,2007,2349,9,5,0,0,162,1400
1,19,4,UA,250,SFO,LAS,21,20,1321,1424,8,11,0,0,63,414
1,29,7,UA,652,BOS,DEN,-1,12,1131,1329,8,-35,0,0,238,1754
1,16,1,UA,1204,PDX,SFO,0,9,554,713,5,-18,0,0,79,550
1,1,7,UA,598,MFE,IAH,-6,11,1658,1745,17,-8,0,0,47,316
1,9,1,UA,1793,MCO,IAH,-5,11,1321,1428,23,-7,0,0,127,854
1,11,3,UA,630,AUS,IAH,-5,21,1744,1819,6,-10,0,0,35,140
1,27,5,UA,379,IAD,MCO,-5,16,827,1019,10,-11,0,0,112,758
1,3,2,UA,1612,TPA,EWR,-4,29,806,1017,9,8,0,0,131,997
1,5,4,UA,2033,EWR,MIA,-1,20,1129,1403,7,-17,0,0,154,1085
1,10,2,UA,1481,EWR,RSW,-3,25,943,1212,5,-17,0,0,149,1068
1,27,5,UA,3,SNA,IAH,464,13,2037,105,5,440,0,0,148,1346
1,25,3,UA,1071,EWR,BQN,5,15,2119,127,11,-6,0,0,188,1585
1,11,3,UA,1216,BZN,DEN,-13,18,1445,1557,6,-16,0,0,72,524
1,12,4,UA,1849,EWR,ATL,-3,24,1041,1239,6,-18,0,0,118,746
1,25,3,UA,398,LAX,SFO,-5,18,2239,2336,9,-10,0,0,57,337
1,10,2,UA,469,DEN,DFW,-2,23,1301,1517,9,-10,0,0,76,641
1,27,5,UA,1439,IAH,LGA,5,12,1812,2151,6,-21,0,0,159,1416
1,24,2,UA,813,IAH,EWR,3,23,1644,2021,10,-17,0,0,157,1400
1,8,7,UA,640,ORD,PHL,0,20,2110,2341,10,5,0,0,91,678
1,19,4,UA,1788,MCO,IAH,17,10,1227,1337,9,5,0,0,130,854
1,6,5,UA,257,DEN,SFO,-2,18,1941,2112,15,21,0,0,151,967
1,12,4,UA,1575,IAH,SLC,-3,15,1747,1935,4,-21,0,0,168,1195
1,19,4,UA,675,ORD,DEN,-4,21,747,845,11,-18,0,0,118,888
1,17,2,UA,1071,EWR,BQN,0,18,2117,119,9,-16,0,0,182,1585
1,28,6,UA,3,SNA,IAH,-4,13,1249,1740,5,-5,0,0,171,1346
1,24,2,UA,634,LAS,IAH,-5,11,120,534,6,-23,0,0,134,1222
1,12,4,UA,39,IAH,MFE,1,20,2151,2241,6,-4,0,0,50,316
1,9,1,UA,1078,BOS,EWR,0,34,634,720,17,9,0,0,46,200
1,2,1,UA,1800,HNL,SFO,-6,13,2257,518,7,-38,0,0,261,2398
1,22,7,UA,432,LAS,ORD,2,14,721,1216,11,-13,0,0,175,1514
1,13,5,UA,1938,IAH,PDX,-1,31,932,1133,5,-9,0,0,241,1825
1,6,5,UA,132,IAH,MIA,78,9,1212,1503,4,57,0,0,111,964
1,3,2,UA,309,DEN,EWR,3,16,2024,110,6,-22,0,0,166,1605
1,17,2,UA,560,IAD,SFO,-4,11,1552,1750,9,-51,0,0,298,2419
1,16,1,UA,1898,PBI,EWR,-13,13,1040,1300,7,-22,0,0,140,1023
1,19,4,UA,404,IAH,SFO,10,20,750,950,14,22,0,0,240,1635
1,3,2,UA,455,SFO,LAS,160,18,138,230,6,142,0,0,52,414
1,9,1,UA,773,PIT,DEN,-1,12,716,835,10,-1,0,0,199,1290
1,30,1,UA,1849,EWR,ATL,-5,18,1033,1221,13,-29,0,0,108,746
1,4,3,UA,302,ATL,EWR,-4,18,1829,2010,23,4,0,0,101,746
1,25,3,UA,577,SFO,EWR,-5,21,721,1500,7,-27,0,0,279,2565
1,9,1,UA,1483,EWR,SFO,-1,13,612,912,11,-13,0,0,360,2565
1,1,7,UA,1221,HNL,LAX,253,17,1416,2055,20,240,0,0,279,2556
1,20,5,UA,304,ORD,MSP,32,17,1826,1923,4,2,0,0,57,334
1,2,1,UA,1626,ORD,EWR,-2,10,608,840,6,-15,0,0,92,719
1,23,1,UA,385,IAH,SFO,8,18,2206,2350,8,1,0,0,224,1635
1,2,1,UA,704,IAH,EWR,75,14,1939,2335,5,60,0,0,176,1400
1,17,2,UA,592,DFW,IAD,18,13,1731,2042,6,2,0,0,131,1172
1,29,7,UA,276,DEN,PDX,0,10,1150,1317,5,-11,0,0,147,991
1,15,7,UA,1200,SFO,IAH,-3,16,103,621,7,0,0,0,198,1635
1,30,1,UA,2029,MTJ,DEN,-18,13,1310,1344,4,-33,0,0,34,196
1,3,2,UA,833,BOI,DEN,-6,18,702,825,10,-13,0,0,83,649
1,29,7,UA,640,ORD,PHL,2,15,2107,2338,4,-4,0,0,91,678
1,9,1,UA,212,EWR,SFO,-4,12,1553,1935,11,33,0,0,402,2565
1,16,1,UA,673,DFW,IAH,-7,15,1935,2026,5,-5,0,0,51,224
1,9,1,UA,282,EWR,DEN,44,34,918,1107,9,52,0,0,229,1605
1,4,3,UA,218,HNL,ORD,1,17,1708,354,8,-56,0,0,406,4243
1,18,3,UA,1592,IAH,MCI,-3,23,1958,2121,6,-13,0,0,83,643
1,7,6,UA,726,FSD,DEN,-5,20,940,956,7,-27,0,0,76,483
1,31,2,UA,1166,SAT,IAH,-9,11,1527,1604,6,-20,0,0,37,191
1,22,7,UA,211,IAD,ORD,-3,9,1021,1049,4,-28,0,0,88,588
1,20,5,UA,1253,MIA,DEN,-4,13,744,943,7,-24,0,0,239,1709
1,18,3,UA,1877,DEN,IAH,0,12,707,1005,9,-5,0,0,118,862
1,2,1,UA,1235,DEN,ANC,25,23,1951,2305,5,17,0,0,314,2405
1,27,5,UA,1504,PBI,EWR,61,24,1755,2011,10,62,0,0,136,1023
1,2,1,UA,717,LAX,IAH,50,22,37,459,7,28,0,0,142,1379
1,14,6,UA,478,DEN,ORD,3,12,1550,1833,11,-16,0,0,103,888
1,10,2,UA,1796,SFO,EWR,12,20,27,751,22,-5,0,0,264,2565
1,27,5,UA,1472,EWR,JAX,-6,18,1112,1318,5,-20,0,0,126,820
1,27,5,UA,621,IAH,SAT,-2,12,1745,1827,6,-7,0,0,42,191
1,8,7,UA,897,BNA,EWR,-7,40,633,921,10,19,0,0,108,748
1,29,7,UA,308,EWR,ORD,0,22,1942,2024,5,-28,0,0,102,719
1,18,3,UA,353,PDX,SFO,179,15,1534,1716,18,204,0,0,102,550
1,5,4,UA,207,BOS,SFO,-2,48,846,1153,9,15,0,0,367,2704
1,3,2,UA,694,SFO,KOA,36,23,1129,1505,4,56,0,0,336,2367
1,7,6,UA,387,SJU,CLE,14,9,1338,1639,7,-9,0,0,241,1839
1,30,1,UA,1234,TPA,IAH,-5,8,1836,1938,6,-19,0,0,122,787
1,29,7,UA,1476,ORD,BZN,-3,18,920,1109,4,-19,0,0,169,1186
1,3,2,UA,261,LAX,MCO,-6,9,836,1536,4,-39,0,0,240,2218
1,13,5,UA,1680,PHX,IAH,-7,11,1109,1415,7,-15,0,0,126,1009
1,19,4,UA,347,DEN,LGA,-10,12,812,1322,3,-27,0,0,190,1620
1,17,2,UA,1603,ORD,PHX,0,34,1739,1933,12,-14,0,0,174,1440
1,4,3,UA,75,DEN,MSP,-3,52,1336,1603,5,19,0,0,87,680
1,30,1,UA,420,DEN,LAX,30,12,1212,1259,12,6,0,0,107,862
1,2,1,UA,1460,ORD,JAC,0,11,926,1111,4,-14,0,0,165,1162
1,24,2,UA,363,IAH,SAT,-3,14,1546,1622,7,-15,0,0,36,191
1,4,3,UA,1418,PHX,IAH,22,18,907,1156,5,4,0,0,109,1009
1,8,7,UA,478,DEN,ORD,-4,11,1542,1834,11,-20,0,0,112,888
1,16,1,UA,1738,ORD,MIA,294,22,1246,1614,7,284,0,0,148,1197
1,6,5,UA,1908,PBI,EWR,20,12,1227,1430,22,7,0,0,123,1023
1,18,3,UA,220,ORD,MSP,0,15,1945,2042,12,-9,0,0,57,334
1,25,3,UA,330,MIA,ORD,-7,17,1242,1437,5,-11,0,0,175,1197
1,12,4,UA,794,LAS,ORD,-5,10,2335,419,4,-41,0,0,164,1514
1,4,3,UA,265,DEN,SNA,-2,62,915,1025,5,48,0,0,130,846
1,2,1,UA,1680,PHX,IAH,-9,7,1108,1403,9,-28,0,0,115,1009
1,24,2,UA,263,DEN,ORD,5,47,1332,1612,11,19,0,0,100,888
1,19,4,UA,1784,MCO,CLE,-7,13,1236,1438,8,-12,0,0,122,895
1,5,4,UA,255,DEN,GEG,20,13,1923,2020,3,9,0,0,117,836
1,23,1,UA,1804,IAH,AUS,0,28,1104,1136,7,7,0,0,32,140
1,26,4,UA,141,EWR,ORD,10,9,1600,1644,4,-29,0,0,104,719
1,15,7,UA,1923,EWR,MIA,8,23,1636,1901,2,-14,0,0,145,1085
1,10,2,UA,1501,IAH,LGA,4,23,1937,2331,6,6,0,0,174,1416
1,16,1,UA,1126,IAH,DEN,15,20,935,1030,8,3,0,0,115,862
1,17,2,UA,2021,IAD,SJU,-10,9,816,1238,5,-19,0,0,202,1571
1,25,3,UA,451,PHL,ORD,-4,16,1137,1235,4,-11,0,0,118,678
1,25,3,UA,439,BOS,ORD,-3,21,1833,1955,7,-8,0,0,142,867
1,7,6,UA,575,ORD,DCA,15,17,2132,2350,8,14,0,0,78,612
1,17,2,UA,1114,DEN,IAH,2,15,1022,1316,7,-6,0,0,114,862
1,31,2,UA,1660,MSP,DEN,-11,18,1142,1225,5,-20,0,0,103,680
1,6,5,UA,390,SAN,SFO,-3,16,1100,1212,6,-10,0,0,72,447
1,27,5,UA,213,SFO,EWR,0,19,1634,27,7,4,0,0,293,2565
1,6,5,UA,624,SFO,ORD,39,21,1143,1702,14,29,0,0,199,1846
1,16,1,UA,1815,LAX,IAH,-2,13,641,1127,4,-17,0,0,166,1379
1,29,7,UA,561,DEN,JAC,-11,16,1235,1337,8,-17,0,0,62,406
1,3,2,UA,1640,LAX,EWR,-4,20,751,1509,10,-31,0,0,258,2454
1,26,4,UA,719,LAX,LAS,5,13,2259,2343,8,-4,0,0,44,236
1,12,4,UA,407,DEN,SEA,7,11,1908,2031,12,-13,0,0,143,1024
1,11,3,UA,330,MIA,ORD,4,11,1247,1438,7,-8,0,0,171,1197
1,2,1,UA,1443,IAD,STT,-6,14,823,1240,5,-20,0,0,197,1606
1,20,5,UA,511,IAD,ORD,1,21,1742,1814,6,-9,0,0,92,588
1,18,3,UA,761,LGA,ORD,27,20,647,739,9,12,0,0,112,733
1,4,3,UA,1071,EWR,BQN,-5,18,2112,124,8,-12,0,0,192,1585
1,1,7,UA,1418,PHX,IAH,5,7,817,1122,7,-6,0,0,125,1009
1,27,5,UA,404,IAH,SFO,9,14,743,917,14,-11,0,0,214,1635
1,25,3,UA,1746,EWR,FLL,4,15,1554,1826,5,-18,0,0,152,1065
1,19,4,UA,1153,ORD,LAX,-5,10,1305,1449,8,-36,0,0,224,1744
1,12,4,UA,262,ORD,SEA,-1,19,2003,2214,10,-1,0,0,251,1721
1,6,5,UA,1105,MIA,IAH,155,27,2107,2247,5,168,0,0,160,964
1,16,1,UA,597,LAS,ORD,56,14,1139,1647,17,58,0,0,188,1514
1,29,7,UA,1972,IAD,EWR,-2,60,1813,1858,11,25,0,0,45,212
1,9,1,UA,512,LAS,SFO,168,16,1934,2119,9,199,0,0,105,414
1,17,2,UA,1175,SFO,HNL,8,14,852,1134,4,-55,0,0,282,2398
1,8,7,UA,406,DEN,LGA,-1,11,1615,2118,3,-23,0,0,183,1620
1,25,3,UA,1667,ORD,DSM,15,32,2332,19,6,10,0,0,47,299
1,19,4,UA,511,IAD,ORD,-1,18,1737,1816,13,0,0,0,99,588
1,28,6,UA,325,IAD,LAX,-6,12,1731,1924,6,-43,0,0,293,2288
1,19,4,UA,1499,IAH,ORD,-5,16,521,713,15,-25,0,0,112,925
1,5,4,UA,671,SJU,ORD,1,11,612,849,6,-10,0,0,277,2072
1,26,4,UA,358,SFO,LAS,-2,16,1054,1200,11,-9,0,0,66,414
1,14,6,UA,1116,OMA,ORD,-6,14,803,859,17,-23,0,0,56,416
1,12,4,UA,1857,EWR,RSW,22,22,1913,2148,5,11,0,0,155,1068
1,1,7,UA,40,TPA,IAH,0,11,1441,1535,4,-21,0,0,114,787
1,5,4,UA,361,LAS,SFO,0,17,1607,1717,9,-2,0,0,70,414
1,29,7,UA,1975,DEN,IAH,-3,14,1911,2159,7,-13,0,0,108,862
1,4,3,UA,1272,GEG,DEN,-8,11,538,825,11,-20,0,0,107,836
1,27,5,UA,1815,LAX,IAH,-1,20,649,1114,6,-28,0,0,145,1379
1,5,4,UA,1102,EWR,SJU,2,24,1217,1657,4,15,0,0,220,1608
1,11,3,UA,1536,AUS,IAH,-6,23,1248,1325,4,-2,0,0,37,140
1,8,7,UA,1739,IAH,AUS,6,13,1759,1830,5,-4,0,0,31,140
1,11,3,UA,45,SNA,IAH,-11,8,856,1336,7,-25,0,0,160,1346
1,4,3,UA,2005,ORD,SMF,22,12,1304,1527,6,29,0,0,263,1781
1,9,1,UA,307,ORD,BWI,-2,18,1401,1617,3,-17,0,0,76,622
1,24,2,UA,1720,SFO,ATL,-3,13,1050,1747,10,-23,0,0,237,2139
1,20,5,UA,1611,EWR,PHX,-1,21,1849,2146,14,-6,0,0,297,2133
1,24,2,UA,1462,DEN,MIA,35,9,1829,2333,5,4,0,0,184,1709
1,13,5,UA,2032,MSP,ORD,78,17,945,1038,12,65,0,0,53,334
1,13,5,UA,568,EWR,ATL,12,24,1736,1934,9,6,0,0,118,746
1,20,5,UA,407,ORD,DEN,-5,25,1455,1553,7,-16,0,0,118,888
1,22,7,UA,1405,EWR,PBI,-8,59,1650,1930,6,35,0,0,160,1023
1,8,7,UA,2007,DEN,BOS,6,11,827,1347,5,-7,0,0,200,1754
1,20,5,UA,815,DEN,LAX,-3,8,2220,2319,26,-3,0,0,119,862
1,26,4,UA,1784,EWR,MCO,-5,9,604,825,7,-29,0,0,141,937
1,16,1,UA,1071,EWR,BQN,140,15,2334,337,4,117,0,0,183,1585
1,17,2,UA,422,RNO,DEN,-4,10,551,847,5,-11,0,0,116,804
1,29,7,UA,75,IAH,DEN,-2,14,732,838,9,-13,0,0,126,862
1,17,2,UA,1997,LAX,EWR,-3,18,1150,1933,12,1,0,0,283,2454
1,4,3,UA,478,DEN,ORD,11,42,1628,1913,16,29,0,0,105,888
1,31,2,WN,1473,SAN,PHX,-6,13,1507,1658,5,-7,0,0,51,304
1,11,3,WN,1441,HOU,MCI,-2,15,858,1032,4,-4,0,0,94,666
1,1,7,WN,554,ATL,LAS,19,26,1435,1541,6,17,0,0,246,1747
1,3,2,WN,101,MSY,BNA,18,10,1123,1231,6,22,0,0,68,471
1,22,7,WN,2791,BUF,FLL,125,15,1940,2227,13,130,0,0,167,1166
1,16,1,WN,140,LAX,DEN,26,9,1535,1838,8,31,0,0,123,862
1,4,3,WN,872,SDF,MDW,-3,9,641,632,7,-16,0,0,51,271
1,24,2,WN,1337,FLL,PHX,2,9,1636,1927,7,-6,0,0,291,1972
1,24,2,WN,187,SAN,SJC,2,8,1535,1641,4,0,0,0,66,417
1,21,6,WN,2169,OAK,ATL,-5,15,1120,1806,11,-23,0,0,226,2130
1,28,6,WN,1926,PVD,MCO,-4,10,1701,2009,8,12,0,0,188,1072
1,2,1,WN,5670,SAN,SFO,83,10,1938,2050,9,79,0,0,72,447
1,30,1,WN,202,BWI,BOS,-5,8,1628,1730,7,-18,0,0,62,369
1,19,4,WN,4610,DEN,MDW,-3,14,1356,1649,5,-6,0,0,113,895
1,14,6,WN,2024,LAS,PDX,15,16,951,1151,6,17,0,0,120,763
1,2,1,WN,5606,SAN,SMF,-1,8,1032,1152,4,-4,0,0,80,480
1,7,6,WN,4973,FLL,MSY,30,23,1833,1915,22,47,0,0,102,674
1,19,4,WN,116,CMH,FLL,-5,9,1039,1257,8,-15,0,0,138,973
1,6,5,WN,925,LAS,SAN,1,14,705,750,4,4,0,0,45,258
1,10,2,WN,1190,SNA,OAK,4,18,707,822,6,3,0,0,75,371
1,10,2,WN,4017,LAX,PIT,21,20,1331,2018,8,-4,0,0,227,2136
1,19,4,WN,550,MSY,HOU,0,11,1436,1538,7,10,0,0,62,302
1,2,1,WN,2050,MKE,SEA,-5,13,1113,1300,7,-28,0,0,227,1694
1,7,6,WN,2811,HOU,DCA,16,9,1215,1537,8,10,0,0,142,1218
1,20,5,WN,1638,LAX,PHX,5,15,620,811,5,-4,0,0,51,370
1,17,2,WN,1679,DAL,DEN,0,11,1341,1411,9,-10,0,0,90,651
1,11,3,WN,549,DEN,RNO,-3,16,853,959,6,5,0,0,126,804
1,26,4,WN,1027,DEN,SEA,5,10,1240,1402,5,-18,0,0,142,1024
1,12,4,WN,1407,LAS,ATL,6,11,1212,1824,13,-8,0,0,192,1747
1,20,5,WN,446,ATL,LGA,-9,22,848,1024,5,-21,0,0,96,762
1,10,2,WN,165,LAX,ATL,4,6,615,1246,9,-25,0,0,211,1946
1,29,7,WN,2738,RSW,CMH,-3,14,1531,1727,6,-17,0,0,116,930
1,18,3,WN,4407,OAK,LAX,3,17,2115,2210,9,4,0,0,55,337
1,27,5,WN,1376,DEN,OAK,2,11,843,942,7,-21,0,0,119,957
1,10,2,WN,461,DAL,LAX,3,7,1710,1814,6,0,0,0,184,1246
1,28,6,WN,1416,BOS,HOU,-3,16,623,931,5,-19,0,0,248,1609
1,29,7,WN,5512,OAK,RNO,-7,10,2153,2226,5,-14,0,0,33,181
1,2,1,WN,1495,STL,DAL,52,10,642,825,5,65,0,0,103,546
1,11,3,WN,4841,SMF,SNA,-3,6,2013,2118,3,-9,0,0,65,404
1,1,7,WN,6670,PHX,OAK,21,11,947,1034,5,19,0,0,107,646
1,23,1,WN,1573,LAS,DAL,32,12,1739,2146,4,25,0,0,127,1067
1,2,1,WN,4074,DAL,SJC,9,8,652,830,4,4,0,0,218,1450
1,20,5,WN,311,SJC,PDX,47,8,1705,1833,4,42,0,0,88,569
1,6,5,WN,865,STL,DEN,10,8,1618,1720,10,15,0,0,122,770
1,18,3,WN,198,PHX,SMF,-5,13,1208,1301,3,-1,0,0,113,647
1,18,3,WN,4861,SFO,LAX,-1,72,1011,1104,7,46,0,0,53,337
1,21,6,WN,1934,HOU,BNA,-1,9,1828,1948,7,-10,0,0,80,670
1,31,2,WN,940,SFO,BUR,-7,11,1524,1613,5,-7,0,0,49,326
1,13,5,WN,1879,MCO,DAL,2,9,1531,1642,5,-28,0,0,131,973
1,29,7,WN,4516,SMF,LAX,-1,6,1710,1811,6,-8,0,0,61,373
1,22,7,WN,4408,PHX,DEN,-6,11,1245,1401,8,-16,0,0,76,602
1,28,6,WN,735,MDW,RSW,37,7,1444,1810,4,29,0,0,146,1105
1,23,1,WN,44,HOU,DAL,-4,8,1704,1749,28,17,0,0,45,239
1,19,4,WN,120,BWI,MDW,-1,11,2150,2225,6,-14,0,0,95,611
1,22,7,WN,4947,MDW,PHL,58,30,1548,1825,16,91,0,0,97,668
1,22,7,WN,3676,SJC,SNA,27,6,1208,1304,3,17,0,0,56,342
1,19,4,WN,1144,ATL,LGA,125,20,1515,1654,6,125,0,0,99,762
1,1,7,WN,1112,SAN,RNO,-10,8,1708,1830,5,-10,0,0,82,488
1,5,4,WN,1875,LAX,OAK,11,11,1312,1411,6,7,0,0,59,337
1,4,3,WN,421,SJC,LAS,13,11,924,1021,5,6,0,0,57,386
1,15,7,WN,5281,MCO,IND,6,9,1710,1909,4,-12,0,0,119,829
1,29,7,WN,4213,STL,MDW,-3,6,1143,1229,9,-7,0,0,46,251
1,3,2,WN,3309,OAK,AUS,26,13,1139,1622,4,1,0,0,163,1497
1,13,5,WN,531,BWI,MCO,34,7,1846,2030,4,4,0,0,104,787
1,19,4,WN,241,BDL,DEN,-4,8,904,1053,8,-29,0,0,229,1671
1,30,1,WN,457,OAK,BWI,0,11,626,1407,6,-12,0,0,281,2447
1,24,2,WN,325,OAK,LAX,-2,13,1606,1657,9,-4,0,0,51,337
1,15,7,WN,3714,FLL,PHL,-1,22,2041,2255,7,2,0,0,134,992
1,16,1,WN,1549,LAX,ELP,1,11,1047,1320,4,-1,0,0,93,714
1,20,5,WN,4647,CLT,BWI,15,17,2007,2104,4,13,0,0,57,361
1,13,5,WN,1005,LAX,SAT,4,11,1530,2001,3,4,0,0,151,1210
1,22,7,WN,1911,PHL,MDW,43,17,1700,1741,4,25,0,0,101,668
1,17,2,WN,1119,DAL,BHM,13,7,2020,2134,4,8,0,0,74,587
1,31,2,WN,1382,ATL,CMH,2,15,2112,2220,5,-5,0,0,68,447
1,1,7,WN,298,ATL,MCO,-2,20,1828,1929,9,-2,0,0,61,404
1,11,3,WN,1721,MDW,DEN,30,8,1658,1828,10,43,0,0,150,895
1,13,5,WN,493,MDW,SNA,-3,11,843,1111,5,16,0,0,268,1731
1,28,6,WN,5854,PHL,BNA,-6,12,656,733,6,-36,0,0,97,675
1,31,2,WN,1428,IND,LGA,39,13,1617,1744,7,31,0,0,87,660
1,20,5,WN,387,BWI,MHT,5,15,905,1004,6,5,0,0,59,377
1,8,7,WN,260,HOU,MSY,-3,7,1344,1428,7,-5,0,0,44,302
1,25,3,WN,1792,LAS,SFO,75,10,1455,1612,25,97,0,0,77,414
1,17,2,WN,474,ORF,BWI,-3,7,1534,1615,3,-7,0,0,41,159
1,14,6,WN,5401,SJC,PHX,5,7,1442,1708,4,-3,0,0,86,621
1,12,4,WN,815,BWI,PBI,13,14,1737,1953,5,8,0,0,136,883
1,5,4,WN,1549,PDX,SJC,-1,10,639,759,4,-12,0,0,80,569
1,3,2,WN,2550,LAX,LAS,18,9,917,1003,6,14,0,0,46,236
1,10,2,WN,117,BNA,LGA,-5,8,1008,1248,5,-17,0,0,100,764
1,7,6,WN,2312,PHX,LAS,-5,8,1558,1544,4,-7,0,0,46,255
1,24,2,WN,1902,DAL,MSY,-3,8,2015,2109,3,-18,0,0,54,436
1,3,2,WN,3094,OMA,LAS,8,7,700,742,8,0,0,0,162,1099
1,29,7,WN,2851,MCI,OAK,-6,6,1235,1350,5,-30,0,0,195,1489
1,12,4,WN,286,RSW,BWI,-4,8,1904,2111,4,-10,0,0,127,919
1,26,4,WN,1005,SAT,DAL,-6,10,2049,2129,12,-4,0,0,40,248
1,6,5,WN,4185,DEN,TPA,4,12,1831,2326,4,0,0,0,175,1506
1,1,7,WN,250,MDW,MSP,22,10,2052,2155,5,10,0,0,63,349
1,10,2,WN,4853,MCI,SAN,-3,17,1844,2015,3,23,0,0,211,1334
1,21,6,WN,4877,RDU,FLL,10,9,1224,1410,8,13,0,0,106,680
1,24,2,WN,1123,PHX,ABQ,14,11,855,938,4,7,0,0,43,328
1,16,1,WN,294,BOS,CMH,-2,16,1504,1657,3,-10,0,0,113,640
1,19,4,WN,4692,AUS,ATL,-5,9,1754,2030,6,-19,0,0,96,813
1,8,7,WN,5588,MSY,HOU,1,6,1447,1541,5,-9,0,0,54,302
1,31,2,WN,476,RSW,BWI,-1,11,640,837,12,-1,0,0,117,919
1,28,6,WN,1193,FLL,IND,187,21,1403,1625,5,185,0,0,142,1005
1,26,4,WN,1348,DEN,SAN,12,17,1424,1529,3,17,0,0,125,853
1,2,1,WN,3359,DAL,SMF,28,8,1036,1217,4,31,0,0,221,1442
1,1,7,WN,2325,BWI,CMH,0,16,1631,1729,5,-1,0,0,58,337
1,18,3,WN,345,DAL,DEN,-1,16,750,820,5,-10,0,0,90,651
1,22,7,WN,5350,SAT,ATL,29,16,1830,2120,27,52,0,0,110,874
1,7,6,WN,6599,HOU,ABQ,26,11,1852,1952,4,26,0,0,120,759
1,26,4,WN,1556,LGA,DAL,24,21,1910,2145,7,17,0,0,215,1381
1,9,1,WN,1742,MDW,CMH,-5,15,2210,2356,5,-4,0,0,46,283
1,24,2,WN,579,ATL,PHL,-7,10,2048,2220,6,-19,0,0,92,666
1,8,7,WN,5486,LAS,OAK,43,10,2133,2252,5,52,0,0,79,407
1,19,4,WN,4143,DEN,SNA,-4,13,1309,1407,5,-8,0,0,118,846
1,24,2,WN,472,SLC,DEN,-1,11,1740,1842,8,0,0,0,62,391
1,23,1,WN,26,TPA,HOU,0,8,1038,1146,5,-4,0,0,128,781
1,5,4,WN,627,AUS,MDW,-3,12,629,834,6,-15,0,0,125,972
1,31,2,WN,393,SAN,HOU,15,11,1406,1855,7,27,0,0,169,1313
1,25,3,WN,4126,MKE,ATL,121,12,1158,1442,5,117,0,0,104,669
1,16,1,WN,4602,OAK,DEN,8,11,2019,2328,6,9,0,0,129,957
1,27,5,WN,136,SAN,RNO,-4,11,722,838,6,-6,0,0,76,488
1,22,7,WN,4046,STL,PHX,3,8,1156,1359,8,2,0,0,183,1262
1,23,1,WN,877,HOU,SAT,1,9,2205,2246,5,1,0,0,41,192
1,23,1,WN,403,OAK,LAS,-7,12,2035,2140,5,-5,0,0,65,407
1,30,1,WN,530,BOS,BWI,-7,18,556,656,7,-22,0,0,60,369
1,4,3,WN,2160,BNA,SAN,7,9,1416,1651,6,27,0,0,275,1751
1,27,5,WN,3973,STL,MSY,-9,7,1813,1943,6,-11,0,0,90,604
1,4,3,WN,3466,DAL,LAX,12,12,624,747,5,27,0,0,203,1246
1,5,4,WN,1190,OAK,GEG,-1,9,918,1053,5,-12,0,0,95,723
1,20,5,WN,265,SAN,OAK,-5,11,741,903,5,3,0,0,82,446
1,5,4,WN,3905,MSP,DEN,18,11,2009,2047,11,8,0,0,98,680
1,22,7,WN,3299,OKC,STL,-5,9,849,952,6,-7,0,0,63,462
1,6,5,WN,567,FLL,BWI,66,18,1059,1255,12,67,0,0,116,925
1,30,1,WN,4205,DCA,IND,-5,18,913,1032,17,-11,0,0,79,500
1,1,7,WN,2291,DAL,TUL,-5,11,2111,2153,5,-7,0,0,42,237
1,28,6,WN,1008,BWI,DTW,-5,11,1531,1644,20,4,0,0,73,409
1,10,2,WN,1440,MSY,MCO,-4,7,1418,1642,11,3,0,0,84,551
1,20,5,WN,35,DAL,HOU,0,11,1511,1604,4,3,0,0,53,239
1,31,2,WN,377,LAS,DEN,-3,11,748,1017,7,-1,0,0,89,628
1,3,2,WN,3217,BWI,PBI,108,12,1845,2042,6,93,0,0,117,883
1,12,4,WN,846,TUS,DEN,-2,8,731,856,11,-8,0,0,85,639
1,14,6,WN,1521,SEA,SNA,-1,18,752,957,4,-14,0,0,125,978
1,13,5,WN,171,ATL,MSP,93,13,1036,1152,6,83,0,0,136,907
1,25,3,WN,1628,HOU,MSY,11,9,800,839,4,3,0,0,39,302
1,26,4,WN,1034,OAK,BUR,-2,7,950,1038,2,-10,0,0,48,325
1,17,2,WN,420,CMH,BOS,-6,12,1806,1933,10,-12,0,0,87,640
1,17,2,WN,4411,OAK,BUR,15,10,2010,2057,3,10,0,0,47,325
1,31,2,WN,1579,PHX,SLC,10,5,1930,2036,5,-4,0,0,66,507
1,6,5,WN,1625,DEN,SEA,7,18,855,1037,6,18,0,0,162,1024
1,6,5,WN,1214,MSY,DCA,-3,11,1023,1315,6,-9,0,0,112,969
1,22,7,WN,4392,SFO,MDW,-2,17,715,1235,5,-30,0,0,200,1855
1,27,5,WN,2836,MSP,MDW,2,10,1132,1239,12,-4,0,0,67,349
1,27,5,WN,1796,TUS,SAN,-5,9,1454,1505,4,4,0,0,71,368
1,18,3,WN,4310,MCI,OAK,-3,17,1244,1407,5,-8,0,0,203,1489
1,23,1,WN,1832,SMF,BWI,1,9,640,1357,5,-28,0,0,257,2395
1,18,3,WN,585,DAL,IND,-4,14,1420,1655,6,-9,0,0,95,755
1,2,1,WN,3999,RDU,BWI,137,12,1814,1902,4,141,0,0,48,255
1,5,4,WN,487,MSY,BNA,31,11,1857,2002,7,29,0,0,65,471
1,29,7,WN,2685,BNA,MCO,86,21,817,1046,11,97,0,0,89,616
1,26,4,WN,1284,MCI,MSP,-3,6,1613,1708,23,1,0,0,55,393
1,29,7,WN,4878,SAN,DAL,-3,9,716,1203,5,8,0,0,167,1182
1,23,1,WN,266,MHT,BWI,0,9,729,844,6,-5,0,0,75,377
1,18,3,WN,632,DCA,FLL,-4,18,614,822,5,-18,0,0,128,899
1,30,1,WN,1055,LAX,SJC,-4,8,2134,2225,3,-12,0,0,51,308
1,18,3,WN,1156,PHX,ABQ,93,11,1829,1919,4,93,0,0,50,328
1,20,5,WN,4716,MCO,AUS,8,7,1700,1829,6,-5,0,0,149,994
1,11,3,WN,974,PHX,SEA,16,10,2106,2234,8,-8,0,0,148,1107
1,18,3,WN,947,LAS,SEA,44,18,1102,1313,6,39,0,0,131,867
1,12,4,WN,569,DAL,STL,0,9,609,722,7,-6,0,0,73,546
1,8,7,WN,4284,BWI,BNA,20,19,2114,2141,5,11,0,0,87,587
1,27,5,WN,1531,SNA,PHX,20,8,1318,1511,4,15,0,0,53,338
1,28,6,WN,3563,DAL,LAS,-1,8,817,839,6,-20,0,0,142,1067
1,18,3,WN,4767,LAS,BHM,-3,11,1603,2107,4,-9,0,0,184,1618
1,4,3,WN,1102,SNA,LAS,30,10,1900,1937,6,23,0,0,37,226
1,25,3,WN,2398,SJU,FLL,-1,16,740,859,20,-1,0,0,139,1046
1,14,6,WN,5197,DAL,DEN,7,12,1659,1731,7,-2,0,0,92,651
1,20,5,WN,518,SMF,LAX,16,14,1915,2015,6,16,0,0,60,373
1,2,1,WN,2652,DAL,OKC,10,14,2149,2224,21,30,0,0,35,181
1,31,2,WN,1021,BNA,HOU,-9,10,1401,1538,5,-32,0,0,97,670
1,26,4,WN,1918,LAS,MDW,-1,11,925,1423,6,-16,0,0,178,1521
1,10,2,WN,501,MDW,RSW,25,13,808,1136,4,25,0,0,148,1105
1,1,7,WN,1828,MDW,EWR,-3,7,1429,1659,11,-15,0,0,90,711
1,10,2,WN,405,PDX,DEN,6,8,1119,1405,5,-20,0,0,106,991
1,5,4,WN,310,BNA,LAX,30,13,958,1248,9,62,0,0,290,1797
1,13,5,WN,685,HOU,DEN,-1,7,746,846,9,-15,0,0,120,883
1,2,1,WN,2968,STL,PHL,24,13,902,1137,17,24,0,0,95,814
1,18,3,WN,373,BOS,MKE,0,13,1713,1818,7,-25,0,0,125,860
1,2,1,WN,4212,HOU,STL,46,24,1210,1342,4,51,0,0,92,687
1,31,2,WN,1379,LAX,SLC,-3,12,2109,2331,5,-14,0,0,82,590
1,1,7,WN,1932,LAS,PDX,12,11,2233,35,4,9,0,0,122,763
1,13,5,WN,25,DAL,HOU,12,13,1255,1343,4,12,0,0,48,239
1,5,4,WN,4841,SMF,SNA,51,7,2108,2213,4,47,0,0,65,404
1,17,2,WN,4409,DAL,DCA,15,9,1944,2254,5,4,0,0,130,1184
1,17,2,WN,849,SAN,SJC,-3,12,1214,1316,5,-9,0,0,62,417
1,30,1,WN,1678,MDW,PDX,-3,10,857,1115,4,-6,0,0,258,1751
1,5,4,WN,843,SAT,HOU,-2,19,1237,1312,4,6,0,0,35,192
1,3,2,WN,3311,DEN,ONT,8,21,834,955,4,29,0,0,141,819
1,16,1,WN,145,BWI,ORF,11,14,1705,1740,3,13,0,0,35,159
1,30,1,WN,4113,OAK,LAS,54,7,1956,2104,4,48,0,0,68,407
1,12,4,WN,681,MCO,BWI,-2,9,1647,1839,5,-1,0,0,112,787
1,29,7,WN,3003,MAF,LAS,-3,8,1050,1035,4,-21,0,0,105,795
1,28,6,WN,5379,MCI,STL,-5,7,1602,1636,4,-15,0,0,34,237
1,17,2,WN,529,MCO,MDW,-3,13,1755,1924,11,0,0,0,149,990
1,12,4,WN,300,SAT,MCI,-2,10,1353,1523,20,-2,0,0,90,706
1,29,7,WN,3637,SDF,MCO,-8,7,659,841,11,-13,0,0,102,719
1,11,3,WN,268,FLL,BWI,-1,14,1033,1235,5,-10,0,0,122,925
1,4,3,WN,114,MDW,BNA,-3,7,749,849,6,-15,0,0,60,395
1,29,7,WN,4349,PHX,OKC,4,18,2017,2304,6,10,0,0,107,833
1,10,2,WN,126,PHX,SNA,115,8,1538,1534,4,108,0,0,56,338
1,19,4,WN,1438,PHX,PDX,-1,12,2051,2210,9,-11,0,0,139,1009
1,6,5,WN,4639,LAX,SFO,18,13,1506,1607,5,22,0,0,61,337
1,9,1,WN,1561,ABQ,PHX,-6,9,703,806,4,-15,0,0,63,328
1,7,6,WN,986,BWI,LAS,0,15,1835,2033,5,-7,0,0,298,2106
1,26,4,WN,4584,OAK,SEA,6,24,1830,2013,6,19,0,0,103,672
1,25,3,WN,570,MDW,DAL,0,9,1429,1640,4,4,0,0,131,793
1,9,1,WN,1681,MDW,PHX,2,17,1814,2046,8,4,0,0,212,1444
1,16,1,WN,1678,SJC,ONT,0,14,1419,1512,4,1,0,0,53,333
1,30,1,WN,6156,FLL,SJU,-3,19,1716,2022,6,3,0,0,126,1046
1,13,5,WN,1152,STL,PHX,3,14,722,941,6,12,0,0,199,1262
1,25,3,WN,1189,OAK,HOU,7,9,1316,1829,4,-7,0,0,193,1642
1,25,3,WN,1718,TUL,DEN,-3,6,1953,2015,5,-15,0,0,82,541
1,28,6,WN,1872,EWR,SJU,-2,23,811,1311,5,21,0,0,240,1608
1,22,7,WN,3277,MKE,MCO,142,15,1332,1701,8,154,0,0,149,1066
1,13,5,WN,732,LAS,TUS,155,11,1701,1901,3,159,0,0,60,365
1,8,7,WN,2834,SLC,LAS,59,13,1142,1143,5,58,0,0,61,368
1,8,7,WN,3769,ISP,BWI,20,8,1813,1909,3,12,0,0,56,220
1,16,1,WN,548,MDW,STL,4,11,1155,1246,5,6,0,0,51,251
1,13,5,WN,1992,BDL,MCO,-2,18,756,1028,5,-17,0,0,152,1050
1,31,2,WN,1693,ONT,PHX,-4,11,1407,1559,5,-6,0,0,52,325
1,11,3,WN,15,PHX,DAL,-1,11,615,905,6,-9,0,0,110,879
1,22,7,WN,1287,ATL,FLL,94,26,1625,1804,8,117,0,0,99,581
1,15,7,WN,2973,RDU,BWI,-5,6,931,1015,3,-12,0,0,44,255
1,19,4,WN,4387,SNA,SJC,16,9,2045,2201,4,30,0,0,76,342
1,27,5,WN,349,PHX,ONT,13,11,1949,1944,4,18,0,0,55,325
1,19,4,WN,1202,PHL,PBI,-1,10,649,848,5,-47,0,0,119,951
1,30,1,WN,326,LGA,MCI,1,29,1715,1851,6,-18,0,0,156,1107
1,13,5,WN,426,ELP,HOU,-4,12,1603,1833,4,-3,0,0,90,677
1,27,5,WN,1737,LAX,HOU,25,19,1204,1634,3,12,0,0,150,1390
1,29,7,WN,1047,RDU,MCO,-4,11,1407,1537,8,0,0,0,90,534
1,12,4,WN,202,CHS,BWI,-3,14,1421,1529,6,-5,0,0,68,472
1,20,5,WN,461,DEN,DAL,25,10,1410,1639,4,18,0,0,89,651
1,1,7,WN,1015,BUR,SJC,1,15,1456,1548,3,1,0,0,52,296
1,24,2,WN,410,MDW,DAL,-4,6,1202,1404,5,-11,0,0,122,793
1,21,6,WN,1799,LAX,SJC,9,16,1320,1418,3,21,0,0,58,308
1,11,3,WN,1340,BWI,PWM,-6,10,1529,1633,4,-8,0,0,64,452
1,30,1,WN,576,MDW,SLC,66,7,1013,1230,4,64,0,0,197,1259
1,14,6,WN,5246,FLL,STL,24,10,1314,1441,5,6,0,0,147,1057
1,26,4,WN,1791,PHX,ONT,15,8,1813,1807,5,12,0,0,54,325
1,3,2,WN,2898,OAK,MSY,41,18,1429,1946,3,24,0,0,197,1903
1,10,2,WN,934,BWI,CLT,-5,13,1938,2040,7,-13,0,0,62,361
1,9,1,WN,1616,SMF,PDX,117,9,1831,1953,4,127,0,0,82,479
1,29,7,WN,3693,SJC,SNA,-5,12,1852,1948,4,-8,0,0,56,342
1,2,1,WN,4802,BWI,MKE,222,8,240,316,7,208,0,0,96,641
1,17,2,WN,901,BNA,ECP,-3,9,1841,1939,4,-7,0,0,58,401
1,27,5,WN,356,SFO,LAS,39,13,1747,1858,6,44,0,0,71,414
1,10,2,WN,4883,DTW,DEN,4,9,1948,2043,8,1,0,0,175,1123
1,5,4,WN,1413,SNA,LAS,34,9,928,1014,10,39,0,0,46,226
1,21,6,WN,4035,DAL,SAT,28,11,1854,1944,5,29,0,0,50,248
1,25,3,WN,1277,SMF,SAN,-1,12,706,809,3,-13,0,0,63,480
1,24,2,WN,1664,MSY,DEN,-6,9,1848,2021,7,-12,0,0,153,1062
1,1,7,WN,609,SMF,DAL,10,8,1438,1924,4,3,0,0,166,1442
1,26,4,WN,378,PIT,BWI,23,17,1835,1930,8,33,0,0,55,210
1,23,1,WN,120,SJU,BWI,-2,13,1741,2035,8,-7,0,0,234,1565
1,25,3,WN,53,DAL,HOU,-6,13,1937,2028,6,-1,0,0,51,239
1,18,3,WN,1055,LAX,SJC,-3,7,2134,2223,14,-3,0,0,49,308
1,4,3,WN,770,ONT,PHX,62,9,1711,1900,5,55,0,0,49,325
1,6,5,WN,4693,MCO,MDW,30,13,943,1101,7,18,0,0,138,990
1,27,5,WN,291,MKE,ATL,-5,10,1525,1802,7,-16,0,0,97,669
1,17,2,WN,1174,SEA,OAK,-5,15,1155,1331,8,-16,0,0,96,672
1,11,3,WN,240,SFO,LAS,40,9,2039,2136,6,27,0,0,57,414
1,18,3,WN,266,BWI,MCO,-5,9,944,1136,9,-20,0,0,112,787
1,27,5,WN,1378,BUR,SMF,113,12,2000,2055,5,110,0,0,55,358
1,3,2,WN,2304,DAL,MDW,27,10,2052,2233,14,27,0,0,101,793
1,17,2,WN,1357,BWI,PVD,36,14,2255,2340,5,30,0,0,45,327
1,3,2,WN,450,OAK,BUR,-4,16,727,813,3,-9,0,0,46,325
1,29,7,WN,1388,DEN,SNA,-4,15,851,937,4,-19,0,0,106,846
1,10,2,WN,1597,MSP,ATL,-2,105,1023,1327,12,99,0,0,124,907
1,12,4,WN,1927,FLL,BWI,22,15,1742,1947,18,25,0,0,125,925
1,17,2,WN,1250,TUL,PHX,-1,8,912,1026,8,-11,0,0,134,935
1,11,3,WN,258,LAS,SFO,49,11,1145,1314,6,65,0,0,89,414
1,5,4,WN,1232,PHX,SMF,41,17,2143,2243,4,67,0,0,120,647
1,12,4,WN,1034,OAK,BUR,28,8,1021,1111,3,24,0,0,50,325
1,13,5,WN,547,DEN,ATL,11,15,1806,2225,5,5,0,0,139,1199
1,8,7,WN,4680,PHX,CLE,34,11,1240,1804,5,19,0,0,204,1737
1,5,4,WN,1741,SLC,MDW,41,12,923,1247,7,19,0,0,144,1259
1,16,1,WN,1444,SLC,DEN,10,8,1553,1655,6,6,0,0,62,391
1,1,7,WN,3434,DEN,LAX,-1,12,2201,2312,16,8,0,0,131,862
