MONTH,DAY_OF_MONTH,DAY_OF_WEEK,UNIQUE_CARRIER,FL_NUM,ORIGIN,DEST,DEP_DELAY,TAXI_OUT,WHEELS_OFF,WHEELS_ON,TAXI_IN,ARR_DELAY,CANCELLED,DIVERTED,AIR_TIME,DISTANCE,SOURCE_ROW,RANDOM_VALUE
1,2,1,B6,1059,BOS,PHL,96,27,1744,1850,11,99,0,0,66,280,534,4.340588919271582e-05
1,23,1,B6,1446,CLT,BOS,62,17,1909,2048,7,65,0,0,99,728,507,0.0008056530964357655
1,22,7,WN,3277,MKE,MCO,142,15,1332,1701,8,154,0,0,149,1066,1692,0.0010928841087126662
1,5,4,WN,1413,SNA,LAS,34,9,928,1014,10,39,0,0,46,226,1726,0.0015372099549529894
1,29,7,DL,997,LAS,JFK,9,18,2337,704,3,4,0,0,267,2248,863,0.0017964287747009866
1,8,7,DL,206,MSP,MSY,-3,37,1034,1236,3,-7,0,0,122,1039,791,0.0019865846131477127
1,1,7,AA,642,JAX,CLT,-5,18,1053,1158,13,8,0,0,65,328,203,0.0023052260354996523
1,6,5,B6,703,JFK,SJU,5,39,1755,2215,5,15,0,0,200,1598,489,0.0023968781299492647
1,16,1,WN,548,MDW,STL,4,11,1155,1246,5,6,0,0,51,251,1696,0.0037316761313423985
1,19,4,UA,1499,IAH,ORD,-5,16,521,713,15,-25,0,0,112,925,1438,0.005449374016233355
1,16,1,UA,1126,IAH,DEN,15,20,935,1030,8,3,0,0,115,862,1404,0.009161427305963143
1,26,4,UA,1708,MCI,IAH,-9,14,605,743,4,-23,0,0,98,643,1236,0.010821977922203074
1,27,5,B6,1206,PDX,JFK,9,16,2231,626,5,18,0,0,295,2454,303,0.01133641062480184
1,2,1,NK,947,DEN,LAX,-5,29,739,902,12,30,0,0,143,862,960,0.011411833646114755
1,19,4,AA,2119,BOS,DCA,-5,11,1606,1712,7,-30,0,0,66,399,43,0.014647809854460236
1,11,3,AA,2292,DFW,DEN,22,16,2123,2200,10,18,0,0,97,641,167,0.014762375224371516
1,24,2,B6,1916,BUF,BOS,9,26,1955,2123,5,47,0,0,88,395,408,0.015500716085580901
1,8,7,NK,562,LAS,DEN,41,12,848,1109,7,35,0,0,81,628,921,0.01597365986894006
1,16,1,UA,673,DFW,IAH,-7,15,1935,2026,5,-5,0,0,51,224,1356,0.016185847428599853
1,12,4,NK,159,EWR,MCO,18,18,1856,2107,14,17,0,0,131,937,1130,0.016535574665869857
1,19,4,WN,1202,PHL,PBI,-1,10,649,848,5,-47,0,0,119,951,1704,0.016881358371016897
1,21,6,UA,1179,LAS,IAH,1,15,1546,2002,9,-17,0,0,136,1222,1223,0.017117890280639703
1,26,4,DL,1177,ATL,CLT,-5,20,1650,1731,7,-11,0,0,41,226,821,0.01712660278128042
1,1,7,WN,609,SMF,DAL,10,8,1438,1924,4,3,0,0,166,1442,1730,0.017470879710515086
1,11,3,AA,1145,ORD,SFO,-1,12,726,1013,4,21,0,0,287,1846,83,0.01824839789635402
1,31,2,AA,1743,DFW,CLT,-6,18,2047,2346,7,-6,0,0,119,936,32,0.018755342132337205
1,7,6,NK,193,IAH,LAS,-1,20,921,1017,5,4,0,0,176,1222,1143,0.018782520050725005
1,19,4,WN,4692,AUS,ATL,-5,9,1754,2030,6,-19,0,0,96,813,1569,0.019024653770545186
1,4,3,NK,469,FLL,DFW,-4,11,752,939,10,-10,0,0,167,1119,1059,0.019285254718526712
1,28,6,NK,612,MSP,ORD,17,15,708,808,20,18,0,0,60,334,933,0.020099134887292203
1,21,6,AA,2558,TPA,DFW,-6,11,1335,1458,12,-15,0,0,143,929,184,0.02092415492614519
1,12,4,WN,681,MCO,BWI,-2,9,1647,1839,5,-1,0,0,112,787,1669,0.021298703890033965
1,24,2,UA,1720,SFO,ATL,-3,13,1050,1747,10,-23,0,0,237,2139,1454,0.021371686409545232
1,17,2,AA,610,ATL,DFW,-4,22,1638,1746,16,10,0,0,128,731,97,0.02196838117850819
1,10,2,NK,252,MCO,ATL,7,24,731,838,13,13,0,0,67,404,989,0.022558809005004732
1,18,3,WN,198,PHX,SMF,-5,13,1208,1301,3,-1,0,0,113,647,1513,0.023052097107159497
1,3,2,UA,1954,DCA,IAH,-1,11,1750,1956,5,-24,0,0,186,1208,1178,0.023848312545612038
1,23,1,DL,1128,MCO,DTW,-3,14,1918,2132,10,-7,0,0,134,957,781,0.024445306049599602
1,24,2,AA,649,PHX,DFW,1,22,1022,1305,10,-14,0,0,103,868,235,0.024960650843249832
1,24,2,DL,2191,LAX,MSP,41,19,1410,1912,3,14,0,0,182,1535,733,0.025832156012001506
1,8,7,NK,763,MSP,LAS,-3,12,2015,2125,9,2,0,0,190,1299,911,0.02628798157730783
1,5,4,AA,1243,ORD,LAX,-3,15,712,955,34,48,0,0,283,1744,110,0.027023075009550812
1,7,6,AA,2528,DFW,HDN,22,14,1431,1552,5,44,0,0,141,769,52,0.027028929156647896
1,6,5,UA,1220,IAH,SMF,109,19,2333,127,8,110,0,0,234,1609,1191,0.027116194211306843
1,7,6,B6,966,RSW,BOS,-1,13,612,828,8,-22,0,0,136,1249,461,0.027559022746569628
1,22,7,B6,1652,MCO,BOS,5,9,1403,1658,10,29,0,0,175,1121,416,0.02879317406360704
1,22,7,DL,1107,CHS,ATL,186,24,2025,2122,6,184,0,0,57,259,672,0.029481709752949614
1,23,1,NK,606,RSW,DTW,-7,12,705,923,20,-5,0,0,138,1084,1097,0.029818804072674676
1,24,2,WN,1123,PHX,ABQ,14,11,855,938,4,7,0,0,43,328,1567,0.030235011635201925
1,18,3,UA,220,ORD,MSP,0,15,1945,2042,12,-9,0,0,57,334,1392,0.03063154476684704
1,27,5,WN,356,SFO,LAS,39,13,1747,1858,6,44,0,0,71,414,1724,0.030634458436403
1,12,4,NK,403,LAX,ATL,10,18,958,1628,14,-2,0,0,210,1946,951,0.03091424433610046
1,30,1,WN,1678,MDW,PDX,-3,10,857,1115,4,-6,0,0,258,1751,1664,0.031247143800521293
1,31,2,B6,976,FLL,PHL,2,14,2049,2257,6,-7,0,0,128,992,321,0.03210080962125261
1,16,1,NK,452,ATL,MSP,-14,13,1408,1518,4,-20,0,0,130,907,1121,0.0335855879913286
1,6,5,AA,1568,DFW,MCI,-6,34,1418,1522,8,11,0,0,64,460,104,0.03370150965972163
1,14,6,UA,1116,OMA,ORD,-6,14,803,859,17,-23,0,0,56,416,1441,0.03416670147019951
1,4,3,UA,1418,PHX,IAH,22,18,907,1156,5,4,0,0,109,1009,1388,0.03430130890077654
1,1,7,WN,3434,DEN,LAX,-1,12,2201,2312,16,8,0,0,131,862,1756,0.03452283691130831
1,24,2,UA,1879,SAN,IAH,-7,19,1502,1933,10,-19,0,0,151,1303,1245,0.034927587971447904
1,7,6,UA,1612,TPA,EWR,-5,9,606,802,14,-25,0,0,116,997,1258,0.035167631642331165
1,12,4,B6,2019,ORH,FLL,-3,8,1738,2024,6,-28,0,0,166,1211,437,0.035517597220972696
1,10,2,WN,4853,MCI,SAN,-3,17,1844,2015,3,23,0,0,211,1334,1565,0.03697613043031167
1,18,3,UA,761,LGA,ORD,27,20,647,739,9,12,0,0,112,733,1422,0.03704670466000992
1,13,5,B6,1331,BOS,LGA,-3,26,1743,1837,5,-5,0,0,54,184,388,0.03716864747289894
1,26,4,DL,24,MIA,ATL,4,17,1606,1737,8,-5,0,0,91,594,621,0.0378874213065048
1,8,7,B6,2070,FLL,BOS,116,27,1655,1937,5,115,0,0,162,1237,442,0.0379668960406605
1,9,1,NK,149,EWR,MCO,-1,20,1034,1237,11,-11,0,0,123,937,920,0.038782438055673385
1,18,3,UA,1877,DEN,IAH,0,12,707,1005,9,-5,0,0,118,862,1364,0.03896095321297033
1,27,5,B6,8,LAS,FLL,10,16,2154,444,5,-10,0,0,230,2173,566,0.03965435178447585
1,18,3,DL,1963,DCA,ATL,-5,15,610,739,6,-12,0,0,89,547,875,0.03974547444428145
1,21,6,DL,1282,DTW,FLL,-2,14,1215,1501,10,-3,0,0,166,1127,840,0.03979679615670506
1,8,7,WN,5588,MSY,HOU,1,6,1447,1541,5,-9,0,0,54,302,1570,0.04061234112431866
1,30,1,AA,60,DFW,MIA,-3,20,1742,2050,6,-15,0,0,128,1121,265,0.04152403937603477
1,20,5,WN,4647,CLT,BWI,15,17,2007,2104,4,13,0,0,57,361,1538,0.04164185390231023
1,11,3,WN,1340,BWI,PWM,-6,10,1529,1633,4,-8,0,0,64,452,1714,0.042497904544774645
1,18,3,AA,180,LAX,JFK,-10,16,1636,26,4,-28,0,0,290,2475,27,0.04273019425107916
1,15,7,B6,1853,FLL,SJU,29,16,2234,143,4,29,0,0,129,1046,564,0.04337215506472758
1,25,3,NK,913,MCI,LAS,-7,11,624,705,6,-7,0,0,161,1139,978,0.04430116773388848
1,9,1,DL,1208,ATL,BOS,0,8,1353,1604,8,-8,0,0,131,946,681,0.04467062881990769
1,31,2,DL,1354,ATL,BNA,3,14,1802,1743,6,-4,0,0,41,214,830,0.044826234570057855
1,20,5,WN,4716,MCO,AUS,8,7,1700,1829,6,-5,0,0,149,994,1635,0.04519279267163101
1,28,6,NK,403,LAX,ATL,-2,10,938,1630,8,-6,0,0,232,1946,963,0.04615536505535278
1,13,5,NK,126,MYR,BOS,115,10,38,213,8,116,0,0,95,738,1005,0.04704647948874974
1,3,2,NK,847,LGA,ORD,-10,26,856,948,37,11,0,0,112,733,891,0.04747798872095066
1,15,7,NK,667,BWI,DFW,-6,8,1002,1200,9,-19,0,0,178,1217,946,0.04904844859306767
1,25,3,WN,53,DAL,HOU,-6,13,1937,2028,6,-1,0,0,51,239,1733,0.04929867424932244
1,13,5,UA,1274,MSP,DEN,1,12,903,953,12,-8,0,0,110,680,1177,0.049487203669392854
1,8,7,DL,2270,LAX,MEM,64,33,1526,2031,6,60,0,0,185,1619,707,0.0500871917693545
1,26,4,WN,378,PIT,BWI,23,17,1835,1930,8,33,0,0,55,210,1731,0.05039847473094694
1,17,2,B6,1467,HPN,PBI,-9,11,632,844,3,-42,0,0,132,1056,512,0.05186475998551632
1,22,7,DL,746,RDU,ATL,173,27,2026,2129,5,164,0,0,63,356,883,0.05250297404004034
1,10,2,UA,469,DEN,DFW,-2,23,1301,1517,9,-10,0,0,76,641,1317,0.052884239771512465
1,6,5,AA,1719,DEN,CLT,32,13,1056,1535,7,17,0,0,159,1337,118,0.0530812586574162
1,11,3,DL,1837,ATL,MCO,-1,14,1708,1810,8,-7,0,0,62,404,741,0.05337612890952448
1,19,4,NK,331,LGA,ORD,38,13,2250,2346,8,28,0,0,116,733,973,0.054051479590326745
1,11,3,NK,904,DFW,MCO,-6,15,1629,1931,10,-8,0,0,122,985,915,0.05440989626324899
1,29,7,AA,246,KOA,LAX,17,13,1613,2301,15,7,0,0,288,2504,116,0.05487176013499817
1,10,2,DL,1964,ATL,JAX,-1,10,1642,1723,5,-16,0,0,41,270,766,0.05585517409453178
1,29,7,NK,292,SEA,LAS,-13,10,1434,1631,7,-21,0,0,117,867,1070,0.05659916832921852
1,12,4,AA,970,MCI,DFW,-10,11,1119,1242,8,-14,0,0,83,460,3,0.0580333404729646
1,29,7,NK,311,ACY,MCO,-4,11,607,833,12,9,0,0,146,852,1095,0.05813158341852498
1,19,4,DL,806,DCA,DTW,-11,18,1227,1332,6,-22,0,0,65,405,876,0.058971933401899435
1,15,7,B6,570,FLL,BOS,6,12,1329,1613,5,0,0,0,164,1237,517,0.059050873519008396
1,16,1,NK,719,LAS,LAX,-5,27,2030,2111,22,7,0,0,41,236,1080,0.05949334220651559
1,19,4,AA,1953,CLT,MSY,-7,13,741,824,3,-12,0,0,103,651,102,0.059779164253035755
1,13,5,AA,1806,MIA,CLT,-1,11,1505,1640,6,-17,0,0,95,650,56,0.060763097208647365
1,21,6,B6,465,BOS,RSW,-7,10,603,918,5,-29,0,0,195,1249,571,0.06102068681553552
1,12,4,B6,460,FLL,BDL,-7,8,1041,1307,6,-20,0,0,146,1173,320,0.06166122113223982
1,22,7,WN,1911,PHL,MDW,43,17,1700,1741,4,25,0,0,101,668,1540,0.06251330225568796
1,26,4,WN,1034,OAK,BUR,-2,7,950,1038,2,-10,0,0,48,325,1614,0.06264869850816834
1,18,3,AA,1433,ORD,FLL,-3,9,1156,1521,2,-25,0,0,145,1182,243,0.06277525360608638
1,30,1,UA,2029,MTJ,DEN,-18,13,1310,1344,4,-33,0,0,34,196,1352,0.06350297397379923
1,14,6,B6,113,HPN,FLL,-6,14,808,1039,8,-27,0,0,151,1097,344,0.063950029545086
1,9,1,DL,2420,LGA,MSY,350,32,2012,2157,4,327,0,0,165,1183,806,0.0639539553320202
1,26,4,DL,342,ATL,BNA,0,13,2133,2113,6,-11,0,0,40,214,807,0.0640599884233145
1,4,3,UA,1272,GEG,DEN,-8,11,538,825,11,-20,0,0,107,836,1446,0.06470302196991451
1,8,7,B6,916,SFO,JFK,110,17,1802,132,4,75,0,0,270,2586,565,0.0649621347202669
1,30,1,WN,4205,DCA,IND,-5,18,913,1032,17,-11,0,0,79,500,1603,0.06538270087019649
1,9,1,UA,936,IAH,EWR,6,11,1222,1617,12,-6,0,0,175,1400,1272,0.0661858870111749
1,18,3,B6,280,LGB,LAS,-9,8,1120,1209,6,-12,0,0,49,231,414,0.0663317811098817
1,21,6,WN,4035,DAL,SAT,28,11,1854,1944,5,29,0,0,50,248,1727,0.06637633059727921
1,16,1,DL,1261,ATL,SAN,-1,32,2151,2311,3,-4,0,0,260,1892,644,0.0665079312841318
1,24,2,AA,1133,LAS,LAX,-6,18,1455,1541,11,-13,0,0,46,236,162,0.06765042641666907
1,18,3,B6,984,RDU,BOS,-10,20,1809,1958,6,17,0,0,109,612,466,0.06846760908912541
1,28,6,DL,2075,MCI,ATL,-6,9,1243,1513,5,-24,0,0,90,692,640,0.06927257384710162
1,20,5,NK,678,RSW,DTW,-11,10,1639,1907,7,-16,0,0,148,1084,1057,0.0694940500600898
1,4,3,DL,1833,MCO,ATL,-2,26,754,904,14,11,0,0,70,404,776,0.07040949208592762
1,8,7,DL,82,MSY,ATL,8,10,1218,1419,11,0,0,0,61,425,746,0.07053582673280889
1,20,5,AA,2448,EGE,DFW,21,12,1442,1719,11,13,0,0,97,721,284,0.07102980258467062
1,16,1,AA,2561,LAX,DFW,5,13,1108,1538,10,-15,0,0,150,1235,9,0.07178464233813753
1,4,3,NK,899,DTW,MCO,-2,34,1655,1905,11,7,0,0,130,957,985,0.07217342122017856
1,11,3,AA,2385,SAT,DFW,-12,17,2000,2043,14,-7,0,0,43,247,266,0.07236981959374222
1,11,3,UA,299,IAD,TPA,-6,11,1240,1431,7,-27,0,0,111,811,1257,0.07316647755280314
1,1,7,UA,1221,HNL,LAX,253,17,1416,2055,20,240,0,0,279,2556,1344,0.07319684167204277
1,24,2,B6,1316,FLL,JAX,-3,25,1835,1932,5,7,0,0,57,319,497,0.07360525740382262
1,23,1,WN,1832,SMF,BWI,1,9,640,1357,5,-28,0,0,257,2395,1624,0.0736872386969678
1,28,6,WN,1926,PVD,MCO,-4,10,1701,2009,8,12,0,0,188,1072,1479,0.07422177778236272
1,13,5,DL,1513,DTW,ATL,2,10,1646,1823,7,-18,0,0,97,594,786,0.07444303651901019
1,31,2,AA,630,FLL,PHL,-2,9,1652,1918,8,-1,0,0,146,992,53,0.07479385529979099
1,5,4,WN,1190,OAK,GEG,-1,9,918,1053,5,-12,0,0,95,723,1598,0.07621899657439601
1,31,2,UA,1166,SAT,IAH,-9,11,1527,1604,6,-20,0,0,37,191,1361,0.07648698945908461
1,25,3,B6,1243,DCA,CHS,-7,16,1905,2024,2,-15,0,0,79,444,310,0.07854382334049692
1,9,1,WN,1681,MDW,PHX,2,17,1814,2046,8,4,0,0,212,1444,1685,0.07958298477154813
1,2,1,AA,1690,CLT,STL,2,18,1459,1538,6,5,0,0,99,575,196,0.08001365926234472
1,17,2,AA,2437,ATL,LAX,42,17,1154,1311,10,15,0,0,257,1946,205,0.08265607278603548
1,1,7,NK,183,LBE,RSW,-8,9,1332,1549,3,-22,0,0,137,956,900,0.08266958740116426
1,24,2,UA,813,IAH,EWR,3,23,1644,2021,10,-17,0,0,157,1400,1319,0.0841107359315294
1,30,1,B6,801,MCO,SLC,-6,10,1902,2130,8,-18,0,0,268,1931,377,0.08569509296803146
1,22,7,NK,198,FLL,MCO,-4,14,824,903,6,-4,0,0,39,177,1050,0.08714879506438133
1,4,3,DL,2008,ATL,SAT,-5,20,1010,1127,7,-7,0,0,137,874,792,0.088017252392528
1,26,4,AA,1849,CLT,JAX,-5,31,1347,1443,4,5,0,0,56,328,210,0.08882163367045104
1,13,5,UA,2025,ATL,IAH,-2,15,1853,1935,11,-22,0,0,102,689,1208,0.08893272121375972
1,28,6,DL,2176,BNA,ATL,35,8,1813,1952,11,17,0,0,39,214,819,0.08897437433072419
1,8,7,WN,4284,BWI,BNA,20,19,2114,2141,5,11,0,0,87,587,1639,0.09090805923615342
1,3,2,B6,1066,RSW,BOS,-9,13,2109,2341,5,-13,0,0,152,1249,305,0.09487317814329288
1,26,4,NK,192,OAK,LAS,6,10,1125,1231,5,4,0,0,66,407,961,0.09582051307593487
1,4,3,AA,462,CLT,DEN,-4,20,1211,1334,11,-5,0,0,203,1337,231,0.09633111992662224
1,25,3,NK,779,LGA,FLL,2,36,2107,2341,7,11,0,0,154,1076,953,0.0965094683806198
1,4,3,AA,1897,CLT,JFK,-1,13,2221,2329,3,-25,0,0,68,541,207,0.09686657589043812
1,29,7,UA,1953,PDX,IAH,-5,8,1236,1807,12,-15,0,0,211,1825,1292,0.09700958430344375
1,3,2,DL,649,MSP,JFK,3,9,1516,1831,12,-3,0,0,135,1029,808,0.09731227909558371
1,24,2,AA,2037,JAX,CLT,-3,22,1544,1645,15,10,0,0,61,328,124,0.09737589148705328
1,20,5,DL,2086,MCI,DTW,-3,14,1805,2023,8,-18,0,0,78,629,726,0.09741870985663192
1,24,2,NK,259,ACY,FLL,-9,11,702,908,6,-32,0,0,126,977,1085,0.09757880759678716
1,24,2,WN,1337,FLL,PHX,2,9,1636,1927,7,-6,0,0,291,1972,1476,0.09764898727111349
1,12,4,B6,1453,FLL,SJU,-2,14,1902,2204,4,-11,0,0,122,1046,493,0.09774879068914732
1,11,3,B6,425,JFK,TPA,-6,13,607,837,5,-19,0,0,150,1005,538,0.09798099400801352
1,30,1,NK,141,BWI,LAX,-3,11,923,1138,5,-17,0,0,315,2329,1137,0.09810742851208543
1,30,1,AA,2201,ORD,STL,-10,9,2149,2235,4,-18,0,0,46,258,85,0.10080176666761653
1,28,6,AA,2004,MIA,ATL,-6,15,951,1122,8,-19,0,0,91,594,290,0.10083268211621521
1,6,5,AA,2320,DFW,ORD,-3,10,652,829,16,-17,0,0,97,802,193,0.10113860475134062
1,28,6,DL,1814,PNS,ATL,-3,25,1622,1805,5,-12,0,0,43,271,884,0.10129415961992583
1,6,5,NK,517,CAK,FLL,-8,9,1046,1310,6,-18,0,0,144,1026,969,0.10131274425036274
1,30,1,DL,1150,LAX,ATL,-3,13,1655,2346,7,-9,0,0,231,1946,658,0.10216181876824193
1,17,2,UA,1175,SFO,HNL,8,14,852,1134,4,-55,0,0,282,2398,1433,0.1022804589335018
1,22,7,B6,447,OAK,LGB,-5,11,957,1057,3,-8,0,0,60,353,302,0.10276906384770679
1,15,7,NK,251,ATL,MCO,-9,9,2050,2151,5,-22,0,0,61,404,1094,0.10283676694317423
1,2,1,NK,202,DFW,BWI,43,10,1413,1736,5,33,0,0,143,1217,1030,0.10343473804344405
1,24,2,WN,187,SAN,SJC,2,8,1535,1641,4,0,0,0,66,417,1477,0.10388216082945267
1,3,2,UA,2049,DEN,IAH,-3,12,1609,1849,26,-9,0,0,100,862,1253,0.10526081258782438
1,3,2,WN,3309,OAK,AUS,26,13,1139,1622,4,1,0,0,163,1497,1531,0.10564926653382511
1,6,5,UA,1105,MIA,IAH,155,27,2107,2247,5,168,0,0,160,964,1429,0.10638178224582151
1,12,4,DL,2131,LGA,DTW,8,30,1937,2105,8,-5,0,0,88,502,701,0.10690567058187395
1,17,2,WN,4411,OAK,BUR,15,10,2010,2057,3,10,0,0,47,325,1616,0.10709175423322925
1,8,7,UA,1264,ORD,ALB,-4,19,1935,2204,4,-10,0,0,89,723,1279,0.10776128652593409
1,15,7,DL,2553,SAT,ATL,-1,8,1653,1942,5,-19,0,0,109,874,769,0.10832885967499772
1,21,6,NK,565,DTW,ATL,0,13,1001,1203,8,16,0,0,122,594,984,0.10855994683278669
1,10,2,NK,414,FLL,BWI,6,14,1622,1819,5,-5,0,0,117,925,1067,0.10880245643794029
1,16,1,WN,140,LAX,DEN,26,9,1535,1838,8,31,0,0,123,862,1474,0.1088148032446925
1,6,5,DL,2032,MCO,ATL,1,17,848,954,5,-10,0,0,66,404,843,0.11036092617684423
1,1,7,B6,2302,JFK,BUF,2,20,1447,1547,3,-1,0,0,60,301,581,0.11067813611242294
1,10,2,B6,1137,BOS,DTW,-7,34,717,910,14,13,0,0,113,632,386,0.110885047829275
1,9,1,UA,1793,MCO,IAH,-5,11,1321,1428,23,-7,0,0,127,854,1306,0.11113083645183541
1,23,1,WN,403,OAK,LAS,-7,12,2035,2140,5,-5,0,0,65,407,1593,0.11149898001165237
1,25,3,UA,577,SFO,EWR,-5,21,721,1500,7,-27,0,0,279,2565,1342,0.11205446162066734
1,25,3,B6,1336,DTW,BOS,13,10,1928,2039,3,-12,0,0,71,632,330,0.11224110820666944
1,9,1,AA,2329,DFW,MIA,5,23,2108,28,3,14,0,0,140,1121,129,0.11268532215464566
1,5,4,WN,3905,MSP,DEN,18,11,2009,2047,11,8,0,0,98,680,1600,0.11277146775196523
1,10,2,NK,313,DTW,DFW,25,12,2117,2246,5,8,0,0,149,986,1157,0.11308417011805638
1,11,3,AA,2515,ATL,LAX,-9,15,641,826,8,-13,0,0,285,1946,132,0.11367497760831158
1,8,7,AA,2575,AUS,ORD,-2,19,822,1039,6,1,0,0,137,977,5,0.11432784272625618
1,9,1,B6,1005,EWR,FLL,198,23,2200,17,5,171,0,0,137,1065,472,0.11494781779155294
1,30,1,AA,1669,RDU,LGA,-5,15,1130,1231,3,-16,0,0,61,431,74,0.1167638843273785
1,26,4,WN,1791,PHX,ONT,15,8,1813,1807,5,12,0,0,54,325,1717,0.11693548449906277
1,25,3,WN,1628,HOU,MSY,11,9,800,839,4,3,0,0,39,302,1613,0.1172116725089909
1,9,1,UA,307,ORD,BWI,-2,18,1401,1617,3,-17,0,0,76,622,1453,0.1181905667336578
1,24,2,NK,214,LAS,DFW,-11,9,57,449,8,-26,0,0,112,1055,970,0.11865775844012705
1,19,4,WN,120,BWI,MDW,-1,11,2150,2225,6,-14,0,0,95,611,1522,0.11881221435588252
1,16,1,WN,4602,OAK,DEN,8,11,2019,2328,6,9,0,0,129,957,1589,0.11932336448630287
1,3,2,B6,748,LAS,JFK,28,14,1652,2350,14,8,0,0,238,2248,317,0.11966929257323722
1,7,6,AA,1839,SFO,CLT,-5,17,27,731,6,-28,0,0,244,2296,204,0.11974488940843431
1,19,4,AA,2043,CLT,PBI,13,11,2234,2358,5,6,0,0,84,590,39,0.12060121812467828
1,15,7,UA,1200,SFO,IAH,-3,16,103,621,7,0,0,0,198,1635,1351,0.12066076742344378
1,9,1,DL,1189,BWI,SLC,8,11,1654,1937,7,10,0,0,283,1865,602,0.12098474160306627
1,12,4,DL,263,MSP,DCA,-5,14,719,1009,3,-34,0,0,110,931,793,0.12135140946700318
1,12,4,WN,300,SAT,MCI,-2,10,1353,1523,20,-2,0,0,90,706,1673,0.12217991622647173
1,19,4,AA,2036,CLT,SYR,-1,33,1708,1836,3,10,0,0,88,603,279,0.12242955536339772
1,22,7,UA,432,LAS,ORD,2,14,721,1216,11,-13,0,0,175,1514,1331,0.12263025578150699
1,24,2,NK,610,FLL,BOS,-3,16,718,1015,9,14,0,0,177,1237,966,0.12306227239534784
1,10,2,NK,304,MCO,ACY,-7,13,2106,2255,4,-6,0,0,109,852,893,0.12344246285772631
1,28,6,B6,308,JFK,PWM,-2,24,1335,1424,3,0,0,0,49,273,350,0.1243214058023333
1,25,3,B6,536,FLL,SWF,-8,12,1530,1801,6,-16,0,0,151,1118,580,0.12569700433701914
1,25,3,B6,1232,LGA,BOS,-13,51,1818,1851,5,-9,0,0,33,184,515,0.1265524859589986
1,24,2,DL,1678,ATL,SRQ,-2,21,1045,1149,3,-3,0,0,64,444,754,0.126713125089711
1,3,2,UA,261,LAX,MCO,-6,9,836,1536,4,-39,0,0,240,2218,1380,0.1268299145392079
1,2,1,NK,845,DTW,FLL,-4,15,1850,2128,7,-8,0,0,158,1127,1017,0.12730868413447383
1,20,5,UA,511,IAD,ORD,1,21,1742,1814,6,-9,0,0,92,588,1421,0.12810781985446795
1,5,4,DL,1302,ATL,SDF,-3,10,1042,1135,5,-13,0,0,53,321,853,0.12956803291835284
1,17,2,DL,846,MSN,DTW,-7,31,1419,1607,19,8,0,0,48,311,722,0.13171881526694895
1,27,5,UA,1439,IAH,LGA,5,12,1812,2151,6,-21,0,0,159,1416,1318,0.13280004324085448
1,8,7,DL,816,LAS,ATL,41,15,956,1608,4,15,0,0,192,1747,787,0.1328622595520047
1,4,3,B6,182,BNA,FLL,42,13,1717,2010,6,33,0,0,113,793,413,0.1330036544918557
1,19,4,DL,2247,ECP,ATL,-6,20,1819,1959,14,-16,0,0,40,240,647,0.13336840399174543
1,23,1,DL,411,ATL,IAH,57,20,1041,1118,5,44,0,0,97,689,656,0.1337988999599099
1,5,4,WN,1875,LAX,OAK,11,11,1312,1411,6,7,0,0,59,337,1527,0.1340224340174081
1,17,2,B6,288,LAX,BOS,-8,10,702,1454,9,-18,0,0,292,2611,384,0.13405602160502061
1,13,5,NK,810,MSY,DTW,-13,12,1303,1604,8,-20,0,0,121,926,1155,0.1341812103991471
1,5,4,DL,2813,JFK,BOS,-6,25,1949,2030,2,-24,0,0,41,187,760,0.13465622609143435
1,18,3,B6,959,BDL,FLL,-2,12,710,951,6,-26,0,0,161,1173,423,0.1362067939086642
1,31,2,AA,1849,LGA,CLT,-5,32,1032,1201,6,-23,0,0,89,544,214,0.1362939690335544
1,30,1,NK,675,MCO,FLL,-5,17,712,746,7,-11,0,0,34,177,1169,0.13633550942394335
1,4,3,DL,1656,PBI,ATL,18,15,1413,1534,9,5,0,0,81,545,627,0.13698100048897777
1,7,6,AA,2091,CLT,DFW,11,85,906,1036,10,78,0,0,150,936,247,0.13813556398701665
1,19,4,WN,4387,SNA,SJC,16,9,2045,2201,4,30,0,0,76,342,1702,0.13893728572364716
1,29,7,AA,867,CHS,CLT,-7,10,923,1002,21,-9,0,0,39,168,64,0.1405160784481988
1,5,4,DL,1955,LGA,ATL,-3,10,2002,2208,4,-32,0,0,126,762,690,0.14107533571054753
1,18,3,AA,1790,LAX,CLT,-7,13,1316,2022,22,-12,0,0,246,2125,122,0.1436033738271365
1,13,5,AA,2386,IAH,DFW,-7,27,1838,1920,17,2,0,0,42,224,233,0.14411106575225352
1,4,3,AA,1442,STL,DFW,-2,24,815,956,8,9,0,0,101,550,240,0.14432408270894392
